Ticker,Ticker_name,Exposure,Date,qtd_pct_change
EDV,VANGUARD EXT DUR T;ETF,Bonds,2026-02-25,0.05
HYG,ISHARES:IBOXX $HY CORP,Bonds,2026-02-25,0.0036
IEF,ISHARES:7-10 TRS BD ETF,Bonds,2026-02-25,0.0123
LQD,ISHARES:IBOXX $IG CORP,Bonds,2026-02-25,0.0132
SHY,ISHARES:1-3 TRS BD ETF,Bonds,2026-02-25,0.0027
STIP,ISHARES:0-5 TIPS BD ETF,Bonds,2026-02-25,0.0065
TIP,ISHARES:TIPS BD ETF,Bonds,2026-02-25,0.0136
TLT,ISHARES:20+ TRS BD ETF,Bonds,2026-02-25,0.0316
CHTR,"CHARTER COMMUNICATIONS, INC.",Communication Services,2026-02-25,0.0814
CMCSA,COMCAST ,Communication Services,2026-02-25,0.0301
DIS,THE WALT DISNEY COMPANY,Communication Services,2026-02-25,-0.0766
EA,ELECTRONIC ARTS INC.,Communication Services,2026-02-25,-0.0115
FOXA,FOX ,Communication Services,2026-02-25,-0.2593
GOOGL,ALPHABET INC.,Communication Services,2026-02-25,-0.0003
LYV,"LIVE NATION ENTERTAINMENT, INC.",Communication Services,2026-02-25,0.0893
META,"META PLATFORMS, INC.",Communication Services,2026-02-25,-0.0097
MTCH,"MATCH GROUP, INC.",Communication Services,2026-02-25,-0.0282
NFLX,"NETFLIX, INC.",Communication Services,2026-02-25,-0.118
NWSA,NEWS CORP.,Communication Services,2026-02-25,-0.0972
OMC,OMNICOM GROUP INC.,Communication Services,2026-02-25,0.0243
PSKY,PARAMOUNT SKYDANCE ,Communication Services,2026-02-25,-0.2418
T,AT&T INC.,Communication Services,2026-02-25,0.122
TKO,"TKO GROUP HOLDINGS, INC.",Communication Services,2026-02-25,-0.0086
TMUS,"T-MOBILE US, INC.",Communication Services,2026-02-25,0.0769
TTD,"THE TRADE DESK, INC.",Communication Services,2026-02-25,-0.3372
TTWO,"TAKE-TWO INTERACTIVE SOFTWARE, INC.",Communication Services,2026-02-25,-0.1903
VZ,VERIZON COMMUNICATIONS INC.,Communication Services,2026-02-25,0.2087
WBD,"WARNER BROS. DISCOVERY, INC.",Communication Services,2026-02-25,0.0028
ABNB,"AIRBNB, INC.",Consumer Discretionary,2026-02-25,-0.0273
AMZN,"AMAZON.COM, INC.",Consumer Discretionary,2026-02-25,-0.0874
APTV,APTIV PLC,Consumer Discretionary,2026-02-25,0.0046
AZO,"AUTOZONE, INC.",Consumer Discretionary,2026-02-25,0.0827
BBY,"BEST BUY CO., INC.",Consumer Discretionary,2026-02-25,-0.0687
BKNG,BOOKING HOLDINGS INC.,Consumer Discretionary,2026-02-25,-0.2226
CCL,CARNIVAL CORP,Consumer Discretionary,2026-02-25,0.038
CMG,"CHIPOTLE MEXICAN GRILL, INC.",Consumer Discretionary,2026-02-25,0.0135
CVNA,CARVANA CO.,Consumer Discretionary,2026-02-25,-0.2065
DASH,"DOORDASH, INC.",Consumer Discretionary,2026-02-25,-0.2359
DECK,DECKERS OUTDOOR ,Consumer Discretionary,2026-02-25,0.1519
DHI,"D.R. HORTON, INC.",Consumer Discretionary,2026-02-25,0.0932
DPZ,"DOMINO'S PIZZA, INC.",Consumer Discretionary,2026-02-25,-0.0309
DRI,"DARDEN RESTAURANTS, INC.",Consumer Discretionary,2026-02-25,0.1524
EBAY,EBAY INC.,Consumer Discretionary,2026-02-25,-0.0203
EXPE,"EXPEDIA GROUP, INC.",Consumer Discretionary,2026-02-25,-0.2809
F,FORD MOTOR COMPANY,Consumer Discretionary,2026-02-25,0.0998
GM,GENERAL MOTORS COMPANY,Consumer Discretionary,2026-02-25,0.0136
GPC,GENUINE PARTS COMPANY,Consumer Discretionary,2026-02-25,-0.0491
GRMN,GARMIN LTD,Consumer Discretionary,2026-02-25,0.2422
HAS,"HASBRO, INC.",Consumer Discretionary,2026-02-25,0.2165
HD,"THE HOME DEPOT, INC.",Consumer Discretionary,2026-02-25,0.0915
HLT,HILTON WORLDWIDE HOLDINGS INC.,Consumer Discretionary,2026-02-25,0.0909
LEN,LENNAR ,Consumer Discretionary,2026-02-25,0.0771
LOW,"LOWE'S COMPANIES, INC.",Consumer Discretionary,2026-02-25,0.0906
LULU,LULULEMON ATHLETICA INC.,Consumer Discretionary,2026-02-25,-0.1216
LVS,LAS VEGAS SANDS CORP.,Consumer Discretionary,2026-02-25,-0.1539
MAR,"MARRIOTT INTERNATIONAL, INC.",Consumer Discretionary,2026-02-25,0.1199
MCD,MCDONALD'S ,Consumer Discretionary,2026-02-25,0.0896
MGM,MGM RESORTS INTERNATIONAL,Consumer Discretionary,2026-02-25,-0.0255
NCLH,NORWEGIAN CRUISE LINE HOLDINGS LTD.,Consumer Discretionary,2026-02-25,0.0668
NKE,"NIKE, INC.",Consumer Discretionary,2026-02-25,-0.0049
NVR,"NVR, INC.",Consumer Discretionary,2026-02-25,-0.0013
ORLY,"O'REILLY AUTOMOTIVE, INC.",Consumer Discretionary,2026-02-25,0.0025
PHM,"PULTEGROUP, INC.",Consumer Discretionary,2026-02-25,0.148
POOL,POOL ,Consumer Discretionary,2026-02-25,-0.0612
RCL,ROYAL CARIBBEAN CRUISES LTD.,Consumer Discretionary,2026-02-25,0.1222
RL,RALPH LAUREN ,Consumer Discretionary,2026-02-25,0.0663
ROST,"ROSS STORES, INC.",Consumer Discretionary,2026-02-25,0.1187
SBUX,STARBUCKS ,Consumer Discretionary,2026-02-25,0.1629
TJX,"THE TJX COMPANIES, INC.",Consumer Discretionary,2026-02-25,0.0144
TPR,"TAPESTRY, INC.",Consumer Discretionary,2026-02-25,0.2281
TSCO,TRACTOR SUPPLY COMPANY,Consumer Discretionary,2026-02-25,0.0352
TSLA,"TESLA, INC.",Consumer Discretionary,2026-02-25,-0.0719
ULTA,"ULTA BEAUTY, INC.",Consumer Discretionary,2026-02-25,0.131
WSM,"WILLIAMS-SONOMA, INC.",Consumer Discretionary,2026-02-25,0.1715
WYNN,"WYNN RESORTS, LIMITED",Consumer Discretionary,2026-02-25,-0.107
YUM,"YUM! BRANDS, INC.",Consumer Discretionary,2026-02-25,0.0922
ADM,ARCHER-DANIELS-MIDLAND COMPANY.,Consumer Staples,2026-02-25,0.1732
BF.B,BROWN-FORMAN ,Consumer Staples,2026-02-25,0.0783
BG,BUNGE LIMITED,Consumer Staples,2026-02-25,0.3626
CAG,"CONAGRA BRANDS, INC.",Consumer Staples,2026-02-25,0.0786
CHD,"CHURCH & DWIGHT CO., INC.",Consumer Staples,2026-02-25,0.2359
CL,COLGATE-PALMOLIVE COMPANY,Consumer Staples,2026-02-25,0.2234
CLX,THE CLOROX COMPANY,Consumer Staples,2026-02-25,0.252
COST,COSTCO WHOLESALE ,Consumer Staples,2026-02-25,0.1536
CPB,CAMPBELL SOUP COMPANY,Consumer Staples,2026-02-25,-0.0495
DG,DOLLAR GENERAL ,Consumer Staples,2026-02-25,0.1659
DLTR,"DOLLAR TREE, INC.",Consumer Staples,2026-02-25,0.0381
EL,THE ESTEE LAUDER COMPANIES INC.,Consumer Staples,2026-02-25,0.0783
GIS,"GENERAL MILLS, INC.",Consumer Staples,2026-02-25,-0.0422
HRL,HORMEL FOODS ,Consumer Staples,2026-02-25,0.0679
HSY,THE HERSHEY COMPANY,Consumer Staples,2026-02-25,0.2619
KDP,KEURIG DR PEPPER INC.,Consumer Staples,2026-02-25,0.0764
KHC,THE KRAFT HEINZ COMPANY,Consumer Staples,2026-02-25,0.0128
KMB,KIMBERLY-CLARK ,Consumer Staples,2026-02-25,0.0825
KO,THE COCA-COLA COMPANY,Consumer Staples,2026-02-25,0.1511
KR,THE KROGER CO.,Consumer Staples,2026-02-25,0.0818
KVUE,KENVUE INC.,Consumer Staples,2026-02-25,0.0881
LW,"LAMB WESTON HOLDINGS, INC.",Consumer Staples,2026-02-25,0.1239
MDLZ,"MONDELEZ INTERNATIONAL, INC.",Consumer Staples,2026-02-25,0.1168
MKC,"MCCORMICK & COMPANY, INC.",Consumer Staples,2026-02-25,0.0135
MNST,MONSTER BEVERAGE ,Consumer Staples,2026-02-25,0.114
MO,"ALTRIA GROUP, INC.",Consumer Staples,2026-02-25,0.2088
PEP,"PEPSICO, INC.",Consumer Staples,2026-02-25,0.1787
PG,THE PROCTER & GAMBLE COMPANY,Consumer Staples,2026-02-25,0.1401
PM,PHILIP MORRIS INTERNATIONAL INC.,Consumer Staples,2026-02-25,0.1833
SJM,THE J. M. SMUCKER COMPANY,Consumer Staples,2026-02-25,0.0899
STZ,"CONSTELLATION BRANDS, INC.",Consumer Staples,2026-02-25,0.1244
SYY,SYSCO ,Consumer Staples,2026-02-25,0.2095
TAP,MOLSON COORS BEVERAGE COMPANY,Consumer Staples,2026-02-25,0.0178
TGT,TARGET ,Consumer Staples,2026-02-25,0.1912
TSN,"TYSON FOODS, INC.",Consumer Staples,2026-02-25,0.0681
WMT,WALMART INC.,Consumer Staples,2026-02-25,0.1287
APA,APA ,Energy,2026-02-25,0.1382
BKR,BAKER HUGHES COMPANY,Energy,2026-02-25,0.4231
COP,CONOCOPHILLIPS,Energy,2026-02-25,0.1752
CTRA,COTERRA ENERGY INC.,Energy,2026-02-25,0.136
CVX,CHEVRON ,Energy,2026-02-25,0.2087
DVN,DEVON ENERGY ,Energy,2026-02-25,0.1635
EOG,"EOG RESOURCES, INC.",Energy,2026-02-25,0.1666
EQT,EQT ,Energy,2026-02-25,0.1078
EXE,EXPAND ENERGY ,Energy,2026-02-25,-0.0391
FANG,"DIAMONDBACK ENERGY, INC.",Energy,2026-02-25,0.116
HAL,HALLIBURTON COMPANY,Energy,2026-02-25,0.2481
KMI,"KINDER MORGAN, INC.",Energy,2026-02-25,0.1921
MPC,MARATHON PETROLEUM ,Energy,2026-02-25,0.2038
OKE,"ONEOK, INC.",Energy,2026-02-25,0.1195
OXY,OCCIDENTAL PETROLEUM ,Energy,2026-02-25,0.2388
PSX,PHILLIPS 66,Energy,2026-02-25,0.1772
SLB,SCHLUMBERGER N.V.,Energy,2026-02-25,0.346
TPL,TEXAS PACIFIC LAND ,Energy,2026-02-25,0.7767
TRGP,TARGA RESOURCES CORP.,Energy,2026-02-25,0.2474
VLO,VALERO ENERGY ,Energy,2026-02-25,0.2264
WMB,"THE WILLIAMS COMPANIES, INC.",Energy,2026-02-25,0.2306
XOM,EXXON MOBIL ,Energy,2026-02-25,0.2387
UNG,UNITED STATES NAT GAS,Energy Complex,2026-02-25,-0.0538
USO,UNITED STATES OIL FUND,Energy Complex,2026-02-25,0.1528
ACGL,ARCH CAPITAL GROUP LTD.,Financials,2026-02-25,0.0359
AFL,AFLAC INC.,Financials,2026-02-25,0.0197
AIG,"AMERICAN INTERNATIONAL GROUP, INC.",Financials,2026-02-25,-0.0631
AIZ,"ASSURANT, INC.",Financials,2026-02-25,-0.0694
AJG,ARTHUR J. GALLAGHER & CO.,Financials,2026-02-25,-0.1571
ALL,THE ALLSTATE ,Financials,2026-02-25,0.0057
AMP,"AMERIPRISE FINANCIAL, INC.",Financials,2026-02-25,-0.0247
AON,AON PLC,Financials,2026-02-25,-0.08
APO,"APOLLO GLOBAL MANAGEMENT, INC.",Financials,2026-02-25,-0.1903
ARES,ARES MANAGEMENT CORP,Financials,2026-02-25,-0.2626
AXP,AMERICAN EXPRESS COMPANY,Financials,2026-02-25,-0.1159
BAC,BANK OF AMERICA ,Financials,2026-02-25,-0.0602
BEN,"FRANKLIN RESOURCES, INC.",Financials,2026-02-25,0.1411
BK,THE BANK OF NEW YORK MELLON ,Financials,2026-02-25,0.0364
BLK,"BLACKROCK, INC.",Financials,2026-02-25,0.0219
BRK.B,"BERKSHIRE HATHAWAY INC.,",Financials,2026-02-25,-0.0172
BRO,"BROWN & BROWN, INC.",Financials,2026-02-25,-0.1211
BX,BLACKSTONE INC,Financials,2026-02-25,-0.233
C,CITIGROUP INC.,Financials,2026-02-25,-0.0201
CB,CHUBB LTD,Financials,2026-02-25,0.0718
CBOE,"CBOE GLOBAL MARKETS, INC.",Financials,2026-02-25,0.1604
CFG,"CITIZENS FINANCIAL GROUP, INC.",Financials,2026-02-25,0.0796
CINF,CINCINNATI FINANCIAL ,Financials,2026-02-25,0.0026
CME,CME GROUP INC.,Financials,2026-02-25,0.1255
COF,CAPITAL ONE FINANCIAL ,Financials,2026-02-25,-0.1509
COIN,"COINBASE GLOBAL, INC.",Financials,2026-02-25,-0.1866
CPAY,"FLEETCOR TECHNOLOGIES, INC.",Financials,2026-02-25,0.0974
EG,"EVEREST GROUP, LTD.",Financials,2026-02-25,-0.0104
ERIE,ERIE INDEMNITY COMPANY,Financials,2026-02-25,-0.0587
FDS,FACTSET RESEARCH SYSTEMS INC.,Financials,2026-02-25,-0.288
FIS,FIDELITY NATIONAL INFORMATION SERVICES,Financials,2026-02-25,-0.2617
FISV,"FISERV, INC.",Financials,2026-02-25,-0.0828
FITB,FIFTH THIRD BANCORP,Financials,2026-02-25,0.1015
GL,GLOBE LIFE INC.,Financials,2026-02-25,0.0307
GPN,GLOBAL PAYMENTS INC.,Financials,2026-02-25,0.007
GS,"THE GOLDMAN SACHS GROUP, INC.",Financials,2026-02-25,0.0482
HBAN,HUNTINGTON BANCSHARES INC.,Financials,2026-02-25,-0.004
HIG,THE HARTFORD FINANCIAL SERVICES GROUP,Financials,2026-02-25,0.0237
HOOD,"ROBINHOOD MARKETS, INC.",Financials,2026-02-25,-0.3145
IBKR,"INTERACTIVE BROKERS GROUP, INC.",Financials,2026-02-25,0.1452
ICE,"INTERCONTINENTAL EXCHANGE, INC.",Financials,2026-02-25,-0.0101
IVZ,INVESCO LTD.,Financials,2026-02-25,0.0194
JKHY,"JACK HENRY & ASSOCIATES, INC.",Financials,2026-02-25,-0.1422
JPM,JPMORGAN CHASE & CO.,Financials,2026-02-25,-0.0587
KEY,KEYCORP,Financials,2026-02-25,0.0402
KKR,KKR & CO. INC.,Financials,2026-02-25,-0.242
L,LOEWS ,Financials,2026-02-25,0.0393
MA,MASTERCARD INC..,Financials,2026-02-25,-0.1077
MCO,MOODY'S ,Financials,2026-02-25,-0.0929
MET,"METLIFE, INC.",Financials,2026-02-25,-0.046
MRSH,"MARSH & MCLENNAN COMPANIES, INC.",Financials,2026-02-25,-0.0238
MS,MORGAN STANLEY,Financials,2026-02-25,-0.0214
MSCI,MSCI INC.,Financials,2026-02-25,-0.0294
MTB,M&T BANK ,Financials,2026-02-25,0.1044
NDAQ,"NASDAQ, INC.",Financials,2026-02-25,-0.1353
NTRS,NORTHERN TRUST ,Financials,2026-02-25,0.067
PFG,"PRINCIPAL FINANCIAL GROUP, INC.",Financials,2026-02-25,0.0733
PGR,THE PROGRESSIVE ,Financials,2026-02-25,-0.1018
PNC,"THE PNC FINANCIAL SERVICES GROUP, INC.",Financials,2026-02-25,0.0633
PRU,"PRUDENTIAL FINANCIAL, INC.",Financials,2026-02-25,-0.1065
PYPL,"PAYPAL HOLDINGS, INC.",Financials,2026-02-25,-0.1894
RF,REGIONS FINANCIAL ,Financials,2026-02-25,0.0701
RJF,"RAYMOND JAMES FINANCIAL, INC.",Financials,2026-02-25,-0.014
SCHW,THE CHARLES SCHWAB ,Financials,2026-02-25,-0.0456
SPGI,S&P GLOBAL INC.,Financials,2026-02-25,-0.1894
STT,STATE STREET ,Financials,2026-02-25,0.0202
SYF,SYNCHRONY FINANCIAL,Financials,2026-02-25,-0.1273
TFC,TRUIST FINANCIAL ,Financials,2026-02-25,0.0276
TROW,"T. ROWE PRICE GROUP, INC.",Financials,2026-02-25,-0.0694
TRV,"THE TRAVELERS COMPANIES, INC.",Financials,2026-02-25,0.0507
USB,U.S. BANCORP,Financials,2026-02-25,0.0504
V,VISA INC.,Financials,2026-02-25,-0.1076
WFC,WELLS FARGO & COMPANY,Financials,2026-02-25,-0.0691
WRB,W. R. BERKLEY ,Financials,2026-02-25,0.0208
WTW,WILLIS TOWERS WATSON,Financials,2026-02-25,-0.0967
XYZ,"BLOCK, INC.",Financials,2026-02-25,-0.202
GLD,SPDR GOLD,Gold,2026-02-25,0.1946
A,"AGILENT TECHNOLOGIES, INC.",Health Care,2026-02-25,-0.0834
ABBV,ABBVIE INC.,Health Care,2026-02-25,-0.0069
ABT,ABBOTT LABORATORIES,Health Care,2026-02-25,-0.084
ALGN,"ALIGN TECHNOLOGY, INC.",Health Care,2026-02-25,0.2043
AMGN,AMGEN INC.,Health Care,2026-02-25,0.1742
BAX,BAXTER INTERNATIONAL INC.,Health Care,2026-02-25,0.0848
BDX,"BECTON, DICKINSON AND COMPANY",Health Care,2026-02-25,-0.0676
BIIB,BIOGEN INC.,Health Care,2026-02-25,0.0838
BMY,BRISTOL-MYERS SQUIBB COMPANY,Health Care,2026-02-25,0.1364
BSX,BOSTON SCIENTIFIC ,Health Care,2026-02-25,-0.2294
CAH,"CARDINAL HEALTH, INC.",Health Care,2026-02-25,0.1006
CI,THE CIGNA GROUP,Health Care,2026-02-25,0.0335
CNC,CENTENE ,Health Care,2026-02-25,0.0374
COO,"THE COOPER COMPANIES, INC.",Health Care,2026-02-25,0.0184
COR,"CENCORA, INC.",Health Care,2026-02-25,0.0748
CRL,CHARLES RIVER LABORATORIES,Health Care,2026-02-25,-0.16
CVS,CVS HEALTH ,Health Care,2026-02-25,-0.0399
DGX,QUEST DIAGNOSTICS INC.,Health Care,2026-02-25,0.1975
DHR,DANAHER ,Health Care,2026-02-25,-0.0847
DVA,DAVITA INC.,Health Care,2026-02-25,0.316
DXCM,"DEXCOM, INC.",Health Care,2026-02-25,0.1023
ELV,"ELEVANCE HEALTH, INC.",Health Care,2026-02-25,-0.0572
EW,EDWARDS LIFESCIENCES ,Health Care,2026-02-25,-0.0217
GEHC,GE HEALTHCARE TECHNOLOGIES INC.,Health Care,2026-02-25,0.0245
GILD,"GILEAD SCIENCES, INC.",Health Care,2026-02-25,0.1986
HCA,"HCA HEALTHCARE, INC.",Health Care,2026-02-25,0.1579
HOLX,"HOLOGIC, INC.",Health Care,2026-02-25,0.0114
HSIC,"HENRY SCHEIN, INC.",Health Care,2026-02-25,0.0838
HUM,HUMANA INC.,Health Care,2026-02-25,-0.3126
IDXX,"IDEXX LABORATORIES, INC.",Health Care,2026-02-25,-0.0283
INCY,INCYTE ,Health Care,2026-02-25,0.0123
IQV,IQVIA HOLDINGS INC,Health Care,2026-02-25,-0.2817
ISRG,"INTUITIVE SURGICAL, INC.",Health Care,2026-02-25,-0.1063
JNJ,JOHNSON & JOHNSON,Health Care,2026-02-25,0.1847
LH,LABORATORY  OF AMERICA HOLDINGS,Health Care,2026-02-25,0.1272
LLY,ELI LILLY AND COMPANY,Health Care,2026-02-25,-0.0427
MCK,MCKESSON ,Health Care,2026-02-25,0.1743
MDT,MEDTRONIC PUBLIC LIMITED COMPANY,Health Care,2026-02-25,0.0061
MOH,"MOLINA HEALTHCARE, INC.",Health Care,2026-02-25,-0.1613
MRK,"MERCK & CO., INC.",Health Care,2026-02-25,0.1634
MRNA,"MODERNA, INC.",Health Care,2026-02-25,0.7419
MTD,METTLER-TOLEDO INTERNATIONAL INC.,Health Care,2026-02-25,-0.0102
PFE,PFIZER INC.,Health Care,2026-02-25,0.088
PODD,INSULET ,Health Care,2026-02-25,-0.1271
REGN,"REGENERON PHARMACEUTICALS, INC.",Health Care,2026-02-25,0.0161
RMD,RESMED INC.,Health Care,2026-02-25,0.0484
RVTY,"REVVITY, INC.",Health Care,2026-02-25,0.0085
SOLV,SOLVENTUM ,Health Care,2026-02-25,-0.0525
STE,STERIS PUBLIC LIMITED COMPANY,Health Care,2026-02-25,-0.0075
SYK,STRYKER ,Health Care,2026-02-25,0.0926
TECH,BIO-TECHNE ,Health Care,2026-02-25,-0.016
TMO,THERMO FISHER SCIENTIFIC INC.,Health Care,2026-02-25,-0.1135
UHS,"UNIVERSAL HEALTH SERVICES, INC.",Health Care,2026-02-25,0.0583
UNH,UNITEDHEALTH GROUP INC.,Health Care,2026-02-25,-0.1391
VRTX,VERTEX PHARMACEUTICALS INC.,Health Care,2026-02-25,0.0655
VTRS,VIATRIS INC.,Health Care,2026-02-25,0.2916
WAT,WATERS ,Health Care,2026-02-25,-0.159
WST,"WEST PHARMACEUTICAL SERVICES, INC.",Health Care,2026-02-25,-0.0991
ZBH,"ZIMMER BIOMET HOLDINGS, INC.",Health Care,2026-02-25,0.1104
ZTS,ZOETIS INC.,Health Care,2026-02-25,0.0249
ADP,"AUTOMATIC DATA PROCESSING, INC.",Industrials,2026-02-25,-0.1671
ALLE,ALLEGION PUBLIC LIMITED COMPANY,Industrials,2026-02-25,-0.0225
AME,"AMETEK, INC.",Industrials,2026-02-25,0.135
AOS,A. O. SMITH ,Industrials,2026-02-25,0.1408
AXON,"AXON ENTERPRISE, INC.",Industrials,2026-02-25,-0.0841
BA,THE BOEING COMPANY,Industrials,2026-02-25,0.061
BLDR,"BUILDERS FIRSTSOURCE, INC.",Industrials,2026-02-25,-0.0025
BR,"BROADRIDGE FINANCIAL SOLUTIONS, INC.",Industrials,2026-02-25,-0.2054
CARR,CARRIER GLOBAL ,Industrials,2026-02-25,0.1639
CAT,CATERPILLAR INC.,Industrials,2026-02-25,0.3382
CHRW,"C.H. ROBINSON WORLDWIDE, INC.",Industrials,2026-02-25,0.0942
CMI,CUMMINS INC.,Industrials,2026-02-25,0.1645
CPRT,"COPART, INC.",Industrials,2026-02-25,-0.0845
CSX,CSX ,Industrials,2026-02-25,0.1647
CTAS,CINTAS ,Industrials,2026-02-25,0.0463
DAL,"DELTA AIR LINES, INC.",Industrials,2026-02-25,-0.0003
DE,DEERE & COMPANY,Industrials,2026-02-25,0.3395
DOV,DOVER ,Industrials,2026-02-25,0.1613
EFX,EQUIFAX INC.,Industrials,2026-02-25,-0.0869
EME,"EMCOR GROUP, INC.",Industrials,2026-02-25,0.3106
EMR,EMERSON ELECTRIC CO.,Industrials,2026-02-25,0.1184
ETN,EATON  PUBLIC LIMITED COMPANY,Industrials,2026-02-25,0.1727
EXPD,EXPEDITORS INTERNATIONAL OF WASHINGTON,Industrials,2026-02-25,-0.0479
FAST,FASTENAL COMPANY,Industrials,2026-02-25,0.1121
FDX,FEDEX ,Industrials,2026-02-25,0.3245
FIX,"COMFORT SYSTEMS USA, INC.",Industrials,2026-02-25,0.5543
FTV,FORTIVE ,Industrials,2026-02-25,0.0563
GD,GENERAL DYNAMICS ,Industrials,2026-02-25,0.0192
GE,GENERAL ELECTRIC COMPANY,Industrials,2026-02-25,0.1132
GEV,GE VERNOVA INC.,Industrials,2026-02-25,0.3403
GNRC,GENERAC HOLDINGS INC.,Industrials,2026-02-25,0.7348
GWW,"W.W. GRAINGER, INC.",Industrials,2026-02-25,0.1072
HII,"HUNTINGTON INGALLS INDUSTRIES, INC.",Industrials,2026-02-25,0.2809
HON,HONEYWELL INTERNATIONAL INC.,Industrials,2026-02-25,0.2415
HUBB,HUBBELL INC.,Industrials,2026-02-25,0.1887
HWM,HOWMET AEROSPACE INC.,Industrials,2026-02-25,0.2664
IEX,IDEX ,Industrials,2026-02-25,0.1587
IR,INGERSOLL RAND INC.,Industrials,2026-02-25,0.1742
ITW,ILLINOIS TOOL WORKS INC.,Industrials,2026-02-25,0.1764
J,JACOBS SOLUTIONS INC.,Industrials,2026-02-25,0.0075
JBHT,"J. B. HUNT TRANSPORT SERVICES, INC.",Industrials,2026-02-25,0.1282
JCI,JOHNSON CONTROLS INTERNATIONAL PLC,Industrials,2026-02-25,0.2066
LDOS,"LEIDOS HOLDINGS, INC.",Industrials,2026-02-25,-0.0583
LHX,"L3HARRIS TECHNOLOGIES, INC.",Industrials,2026-02-25,0.1617
LII,LENNOX INTERNATIONAL INC.,Industrials,2026-02-25,0.112
LMT,LOCKHEED MARTIN ,Industrials,2026-02-25,0.3387
LUV,SOUTHWEST AIRLINES CO.,Industrials,2026-02-25,0.2071
MAS,MASCO ,Industrials,2026-02-25,0.1324
MMM,3M COMPANY,Industrials,2026-02-25,0.034
NDSN,NORDSON ,Industrials,2026-02-25,0.2096
NOC,NORTHROP GRUMMAN ,Industrials,2026-02-25,0.234
NSC,NORFOLK SOUTHERN ,Industrials,2026-02-25,0.0801
ODFL,"OLD DOMINION FREIGHT LINE, INC.",Industrials,2026-02-25,0.2226
OTIS,OTIS WORLDWIDE ,Industrials,2026-02-25,0.0238
PAYC,"PAYCOM SOFTWARE, INC.",Industrials,2026-02-25,-0.2225
PAYX,"PAYCHEX, INC.",Industrials,2026-02-25,-0.1868
PCAR,PACCAR INC,Industrials,2026-02-25,0.1376
PH,PARKER-HANNIFIN ,Industrials,2026-02-25,0.1511
PNR,PENTAIR PUBLIC LIMITED COMPANY,Industrials,2026-02-25,-0.0319
PWR,"QUANTA SERVICES, INC.",Industrials,2026-02-25,0.3334
ROK,"ROCKWELL AUTOMATION, INC.",Industrials,2026-02-25,0.0342
ROL,"ROLLINS, INC.",Industrials,2026-02-25,-0.0148
RSG,"REPUBLIC SERVICES, INC.",Industrials,2026-02-25,0.0456
RTX,RTX ,Industrials,2026-02-25,0.0686
SNA,SNAP-ON INC.,Industrials,2026-02-25,0.1215
SWK,"STANLEY BLACK & DECKER, INC.",Industrials,2026-02-25,0.1478
TDG,TRANSDIGM GROUP INC.,Industrials,2026-02-25,-0.0261
TT,TRANE TECHNOLOGIES PLC,Industrials,2026-02-25,0.182
TXT,TEXTRON INC.,Industrials,2026-02-25,0.1086
UAL,"UNITED AIRLINES HOLDINGS, INC.",Industrials,2026-02-25,0.0094
UBER,"UBER TECHNOLOGIES, INC.",Industrials,2026-02-25,-0.1087
UNP,UNION PACIFIC ,Industrials,2026-02-25,0.1424
UPS,"UNITED PARCEL SERVICE, INC.",Industrials,2026-02-25,0.1478
URI,"UNITED RENTALS, INC.",Industrials,2026-02-25,0.0558
VLTO,VERALTO ,Industrials,2026-02-25,-0.0542
VRSK,"VERISK ANALYTICS, INC.",Industrials,2026-02-25,-0.1246
WAB,WESTINGHOUSE AIR BRAKE TECHNOLOGIES ,Industrials,2026-02-25,0.2312
WM,"WASTE MANAGEMENT, INC.",Industrials,2026-02-25,0.0382
XYL,XYLEM INC.,Industrials,2026-02-25,-0.0582
AAPL,APPLE INC.,Information Technology,2026-02-25,0.0087
ACN,ACCENTURE PUBLIC LIMITED COMPANY,Information Technology,2026-02-25,-0.2862
ADBE,ADOBE INC.,Information Technology,2026-02-25,-0.2634
ADI,"ANALOG DEVICES, INC.",Information Technology,2026-02-25,0.3304
ADSK,"AUTODESK, INC.",Information Technology,2026-02-25,-0.2405
AKAM,"AKAMAI TECHNOLOGIES, INC.",Information Technology,2026-02-25,0.1466
AMAT,"APPLIED MATERIALS, INC.",Information Technology,2026-02-25,0.5368
AMD,"ADVANCED MICRO DEVICES, INC.",Information Technology,2026-02-25,-0.0154
ANET,"ARISTA NETWORKS, INC.",Information Technology,2026-02-25,0.0142
APH,AMPHENOL ,Information Technology,2026-02-25,0.1295
APP,APPLOVIN CORP,Information Technology,2026-02-25,-0.3743
AVGO,BROADCOM INC.,Information Technology,2026-02-25,-0.0398
CDNS,"CADENCE DESIGN SYSTEMS, INC.",Information Technology,2026-02-25,-0.0344
CDW,CDW ,Information Technology,2026-02-25,-0.1073
CIEN,CIENA CORPORATION,Information Technology,2026-02-25,0.5108
CRM,"SALESFORCE, INC.",Information Technology,2026-02-25,-0.2762
CRWD,"CROWDSTRIKE HOLDINGS, INC.",Information Technology,2026-02-25,-0.225
CSCO,"CISCO SYSTEMS, INC.",Information Technology,2026-02-25,0.0271
CTSH,COGNIZANT TECHNOLOGY SOLUTIONS ,Information Technology,2026-02-25,-0.2611
DDOG,"DATADOG, INC.",Information Technology,2026-02-25,-0.1887
DELL,DELL TECHNOLOGIES INC.,Information Technology,2026-02-25,-0.0191
EPAM,"EPAM SYSTEMS, INC.",Information Technology,2026-02-25,-0.3602
FFIV,"F5, INC.",Information Technology,2026-02-25,0.0912
FICO,FAIR ISAAC ,Information Technology,2026-02-25,-0.2305
FSLR,"FIRST SOLAR, INC.",Information Technology,2026-02-25,-0.1957
FTNT,"FORTINET, INC.",Information Technology,2026-02-25,-0.0259
GDDY,GODADDY INC.,Information Technology,2026-02-25,-0.3623
GEN,GEN DIGITAL INC.,Information Technology,2026-02-25,-0.1802
GLW,CORNING INC.,Information Technology,2026-02-25,0.8322
HPE,HEWLETT PACKARD ENTERPRISE COMPANY,Information Technology,2026-02-25,-0.1411
HPQ,HP INC.,Information Technology,2026-02-25,-0.1827
IBM,INTERNATIONAL BUSINESS MACHINES ,Information Technology,2026-02-25,-0.1981
INTC,INTEL ,Information Technology,2026-02-25,0.2705
INTU,INTUIT INC.,Information Technology,2026-02-25,-0.4245
IT,"GARTNER, INC.",Information Technology,2026-02-25,-0.408
JBL,JABIL INC.,Information Technology,2026-02-25,0.2173
KEYS,"KEYSIGHT TECHNOLOGIES, INC.",Information Technology,2026-02-25,0.4872
KLAC,KLA ,Information Technology,2026-02-25,0.2729
LRCX,LAM RESEARCH ,Information Technology,2026-02-25,0.4574
MCHP,MICROCHIP TECHNOLOGY INC.,Information Technology,2026-02-25,0.1844
MPWR,"MONOLITHIC POWER SYSTEMS, INC.",Information Technology,2026-02-25,0.3592
MSFT,MICROSOFT ,Information Technology,2026-02-25,-0.1717
MSI,"MOTOROLA SOLUTIONS, INC.",Information Technology,2026-02-25,0.2296
MU,"MICRON TECHNOLOGY, INC.",Information Technology,2026-02-25,0.5031
NOW,"SERVICENOW, INC.",Information Technology,2026-02-25,-0.3196
NTAP,"NETAPP, INC.",Information Technology,2026-02-25,-0.0487
NVDA,NVIDIA ,Information Technology,2026-02-25,0.0486
NXPI,NXP SEMICONDUCTORS NV,Information Technology,2026-02-25,0.083
ON,ON SEMICONDUCTOR ,Information Technology,2026-02-25,0.2868
ORCL,ORACLE ,Information Technology,2026-02-25,-0.2412
PANW,"PALO ALTO NETWORKS, INC.",Information Technology,2026-02-25,-0.2137
PLTR,PALANTIR TECHNOLOGIES INC.,Information Technology,2026-02-25,-0.2451
PTC,PTC INC.,Information Technology,2026-02-25,-0.1154
Q,"QNITY ELECTRONICS, INC.",Information Technology,2026-02-25,0.468
QCOM,QUALCOMM INC.,Information Technology,2026-02-25,-0.1475
ROP,"ROPER TECHNOLOGIES, INC.",Information Technology,2026-02-25,-0.2267
SMCI,"SUPER MICRO COMPUTER, INC.",Information Technology,2026-02-25,0.1479
SNDK,SANDISK CORPORATION,Information Technology,2026-02-25,1.664
SNPS,"SYNOPSYS, INC.",Information Technology,2026-02-25,-0.0437
STX,SEAGATE TECHNOLOGY HOLDINGS,Information Technology,2026-02-25,0.5318
SWKS,"SKYWORKS SOLUTIONS, INC.",Information Technology,2026-02-25,-0.0566
TDY,TELEDYNE TECHNOLOGIES INC.,Information Technology,2026-02-25,0.3263
TEL,TE CONNECTIVITY LTD,Information Technology,2026-02-25,0.0654
TER,"TERADYNE, INC.",Information Technology,2026-02-25,0.7711
TRMB,TRIMBLE INC.,Information Technology,2026-02-25,-0.1431
TXN,TEXAS INSTRUMENTS INC.,Information Technology,2026-02-25,0.2329
TYL,"TYLER TECHNOLOGIES, INC.",Information Technology,2026-02-25,-0.2618
VRSN,"VERISIGN, INC.",Information Technology,2026-02-25,-0.1171
WDAY,"WORKDAY, INC.",Information Technology,2026-02-25,-0.3801
WDC,WESTERN DIGITAL ,Information Technology,2026-02-25,0.6889
ZBRA,ZEBRA TECHNOLOGIES ,Information Technology,2026-02-25,-0.0157
ALB,ALBEMARLE ,Materials,2026-02-25,0.3848
AMCR,AMCOR PLC,Materials,2026-02-25,0.1707
APD,"AIR PRODUCTS AND CHEMICALS, INC.",Materials,2026-02-25,0.1347
AVY,AVERY DENNISON ,Materials,2026-02-25,0.06
BALL,BALL ,Materials,2026-02-25,0.2466
CF,"CF INDUSTRIES HOLDINGS, INC.",Materials,2026-02-25,0.2431
CRH,CRH PUBLIC LIMITED COMPANY,Materials,2026-02-25,-0.0372
CTVA,"CORTEVA, INC.",Materials,2026-02-25,0.1587
DD,"DUPONT DE NEMOURS, INC.",Materials,2026-02-25,0.2622
DOW,DOW INC.,Materials,2026-02-25,0.284
ECL,ECOLAB INC.,Materials,2026-02-25,0.1676
FCX,FREEPORT-MCMORAN INC.,Materials,2026-02-25,0.355
IFF,INTERNATIONAL FLAVORS & FRAGRANCES INC.,Materials,2026-02-25,0.1853
IP,INTERNATIONAL PAPER COMPANY,Materials,2026-02-25,0.1084
LIN,LINDE PUBLIC LIMITED COMPANY,Materials,2026-02-25,0.192
LYB,LYONDELLBASELL INDUSTRIES NV,Materials,2026-02-25,0.3106
MLM,"MARTIN MARIETTA MATERIALS, INC.",Materials,2026-02-25,0.0813
MOS,THE MOSAIC COMPANY,Materials,2026-02-25,0.12
NEM,NEWMONT ,Materials,2026-02-25,0.2504
NUE,NUCOR ,Materials,2026-02-25,0.0758
PKG,PACKAGING  OF AMERICA,Materials,2026-02-25,0.1197
PPG,"PPG INDUSTRIES, INC.",Materials,2026-02-25,0.2016
SHW,THE SHERWIN-WILLIAMS COMPANY,Materials,2026-02-25,0.1025
STLD,"STEEL DYNAMICS, INC.",Materials,2026-02-25,0.1303
SW,SMURFIT WESTROCK PUBLIC LIMITED COMPANY,Materials,2026-02-25,0.1888
VMC,VULCAN MATERIALS COMPANY,Materials,2026-02-25,0.0712
AMT,AMERICAN TOWER ,Real Estate,2026-02-25,0.0394
ARE,"ALEXANDRIA REAL ESTATE EQUITIES, INC.",Real Estate,2026-02-25,0.1046
AVB,"AVALONBAY COMMUNITIES, INC.",Real Estate,2026-02-25,-0.0168
BXP,"BOSTON PROPERTIES, INC.",Real Estate,2026-02-25,-0.1064
CBRE,"CBRE GROUP, INC.",Real Estate,2026-02-25,-0.0843
CCI,CROWN CASTLE INC.,Real Estate,2026-02-25,-0.0318
CPT,CAMDEN PROPERTY TRUST,Real Estate,2026-02-25,-0.0113
CSGP,"COSTAR GROUP, INC.",Real Estate,2026-02-25,-0.334
DLR,"DIGITAL REALTY TRUST, INC.",Real Estate,2026-02-25,0.1608
DOC,"HEALTHDOC PROPERTIES, INC.",Real Estate,2026-02-25,0.0889
EQIX,"EQUINIX, INC.",Real Estate,2026-02-25,0.2537
EQR,EQUITY RESIDENTIAL,Real Estate,2026-02-25,0.0057
ESS,"ESSEX PROPERTY TRUST, INC.",Real Estate,2026-02-25,-0.0067
EXR,EXTRA SPACE STORAGE INC.,Real Estate,2026-02-25,0.1279
FRT,FEDERAL REALTY INVESTMENT TRUST,Real Estate,2026-02-25,0.0713
HST,"HOST HOTELS & RESORTS, INC.",Real Estate,2026-02-25,0.1117
INVH,INVITATION HOMES INC.,Real Estate,2026-02-25,-0.0781
IRM,IRON MOUNTAIN INC.,Real Estate,2026-02-25,0.3476
KIM,KIMCO REALTY .,Real Estate,2026-02-25,0.1505
MAA,"MID-AMERICA APARTMENT COMMUNITIES, INC.",Real Estate,2026-02-25,-0.035
O,REALTY INCOME ,Real Estate,2026-02-25,0.1707
PLD,"PROLOGIS, INC.",Real Estate,2026-02-25,0.0969
PSA,PUBLIC STORAGE.,Real Estate,2026-02-25,0.1536
REG,REGENCY CENTERS ,Real Estate,2026-02-25,0.1289
SBAC,SBA COMMUNICATIONS ,Real Estate,2026-02-25,0.0193
SPG,"SIMON PROPERTY GROUP, INC.",Real Estate,2026-02-25,0.0858
UDR,"UDR, INC.",Real Estate,2026-02-25,0.027
VICI,VICI PROPERTIES INC.,Real Estate,2026-02-25,0.0754
VTR,"VENTAS, INC.",Real Estate,2026-02-25,0.1167
WELL,WELLTOWER INC.,Real Estate,2026-02-25,0.122
WY,WEYERHAEUSER COMPANY,Real Estate,2026-02-25,0.0283
DXY,US DOLLAR INDEX,USD,2026-02-25,-0.0066
AEE,AMEREN ,Utilities,2026-02-25,0.116
AEP,"AMERICAN ELECTRIC POWER COMPANY, INC.",Utilities,2026-02-25,0.1487
AES,THE AES ,Utilities,2026-02-25,0.1416
ATO,ATMOS ENERGY ,Utilities,2026-02-25,0.0861
AWK,"AMERICAN WATER WORKS COMPANY, INC.",Utilities,2026-02-25,0.0285
CEG,CONSTELLATION ENERGY,Utilities,2026-02-25,-0.0776
CMS,CMS ENERGY ,Utilities,2026-02-25,0.0952
CNP,"CENTERPOINT ENERGY, INC.",Utilities,2026-02-25,0.1265
D,"DOMINION ENERGY, INC.",Utilities,2026-02-25,0.085
DTE,DTE ENERGY COMPANY,Utilities,2026-02-25,0.1321
DUK,DUKE ENERGY ,Utilities,2026-02-25,0.1
ED,"CONSOLIDATED EDISON, INC.",Utilities,2026-02-25,0.1176
EIX,EDISON INTERNATIONAL,Utilities,2026-02-25,0.2529
ES,EVERSOURCE ENERGY,Utilities,2026-02-25,0.1127
ETR,ENTERGY ,Utilities,2026-02-25,0.1496
EVRG,"EVERGY, INC.",Utilities,2026-02-25,0.1422
EXC,EXELON ,Utilities,2026-02-25,0.1172
FE,FIRSTENERGY CORP.,Utilities,2026-02-25,0.1311
LNT,ALLIANT ENERGY ,Utilities,2026-02-25,0.0961
NEE,"NEXTERA ENERGY, INC.",Utilities,2026-02-25,0.1847
NI,NISOURCE INC.,Utilities,2026-02-25,0.1142
NRG,"NRG ENERGY, INC.",Utilities,2026-02-25,0.1529
PCG,PG&E ,Utilities,2026-02-25,0.1605
PEG,PUBLIC SERVICE ENTERPRISE GROUP INC.,Utilities,2026-02-25,0.0706
PNW,PINNACLE WEST CAPITAL ,Utilities,2026-02-25,0.125
PPL,PPL ,Utilities,2026-02-25,0.0931
SO,THE SOUTHERN COMPANY,Utilities,2026-02-25,0.1
SRE,SEMPRA,Utilities,2026-02-25,0.0703
VST,VISTRA CORP.,Utilities,2026-02-25,0.087
WEC,"WEC ENERGY GROUP, INC.",Utilities,2026-02-25,0.0944
XEL,XCEL ENERGY INC.,Utilities,2026-02-25,0.1312
FVX,5 YR TSY YLD NDX,Yields,2026-02-25,-0.0274
TNX,10 Y TSY YLD NDX,Yields,2026-02-25,-0.0271
TYX,30 Y TSY YLD NDX,Yields,2026-02-25,-0.031
ASC,ARDMORE SHIPPING ,,2026-02-25,0.4731
BTC=F,BITCOIN FUTURES,,2026-02-25,-0.2248
BTI,BRITISH AMERICAN TOBACCO P.L.C.,,2026-02-25,0.1132
BTU,PEABODY ENERGY ,,2026-02-25,0.1094
CALM,"CAL-MAINE FOODS, INC.",,2026-02-25,0.0611
CANE,TEUCRIUM:SUGAR,,2026-02-25,-0.0441
CCJ,CAMECO ,,2026-02-25,0.3086
CMBT,CMB.TECH NV,,2026-02-25,0.4881
CMRE,COSTAMARE INC.,,2026-02-25,0.0779
CNR,"CORE NATURAL RESOURCES, INC.",,2026-02-25,-0.0189
COMT,ISHARES:GSCI COMM DYN RS,,2026-02-25,0.1137
CORN,TEUCRIUM:CORN,,2026-02-25,-0.0017
CPER,UNITED STATES COPPER IDX,,2026-02-25,0.0521
CRESY,CRESUD INC.,,2026-02-25,-0.0847
DBA,INVESCO DB MS AGRI,,2026-02-25,0.0235
DBB,INVESCO DB MS BMTL,,2026-02-25,0.061
DBC,INVESCO DB CM IDX,,2026-02-25,0.1069
DHT,"DHT HOLDINGS, INC.",,2026-02-25,0.5299
DIA,SPDR DOW JONES INDUS AVG,,2026-02-25,0.0297
DJI,DOW JONES INDUSTRIAL AVG INDEX,,2026-02-25,0.0295
EC,ECOPETROL SA,,2026-02-25,0.2555
ECH,ISHARES:MSCI CHILE,,2026-02-25,0.1072
EDEN,ISHARES:MSCI DENMARK,,2026-02-25,-0.0537
EFNL,ISHARES:MSCI FINLAND,,2026-02-25,0.0753
EIDO,ISHARES:MSCI INDONESIA,,2026-02-25,-0.0257
EIRL,ISHARES:MSCI IRELAND,,2026-02-25,0.0
EIS,ISHARES:MSCI ISRAEL,,2026-02-25,0.0972
ENZL,ISHARES:MSCI NEW ZLND,,2026-02-25,0.0417
EPHE,ISHARES:MSCI PHILIPPINES,,2026-02-25,0.1384
EPOL,ISHARES:MSCI POLAND,,2026-02-25,0.1
EPU,ISHARES:MSCI PERU,,2026-02-25,0.2905
ES=F,E-MINI S&P 500 FUTURES,,2026-02-25,0.0084
EWA,ISHARES:MSCI AUSTRALIA,,2026-02-25,0.1516
EWC,ISHARES:MSCI CANADA,,2026-02-25,0.0679
EWD,ISHARES:MSCI SWEDEN,,2026-02-25,0.0995
EWG,ISHARES:MSCI GERMANY,,2026-02-25,0.0435
EWH,ISHARES:MSCI HONG KONG,,2026-02-25,0.1228
EWI,ISHARES:MSCI ITALY,,2026-02-25,0.0604
EWJ,ISHARES:MSCI JAPAN,,2026-02-25,0.1449
EWK,ISHARES:MSCI BELGIUM,,2026-02-25,0.1198
EWL,ISHARES:MSCI SWITZERLAND,,2026-02-25,0.0816
EWM,ISHARES:MSCI MALAYSIA,,2026-02-25,0.0969
EWN,ISHARES:MSCI NETHERLANDS,,2026-02-25,0.1182
EWO,ISHARES:MSCI AUSTRIA,,2026-02-25,0.0891
EWP,ISHARES:MSCI SPAIN,,2026-02-25,0.0807
EWQ,ISHARES:MSCI FRANCE,,2026-02-25,0.0673
EWS,ISHARES:MSCI SINGAPORE,,2026-02-25,0.0513
EWT,ISHARES:MSCI TAIWAN,,2026-02-25,0.213
EWU,ISHARES:MSCI UK,,2026-02-25,0.1064
EWW,ISHARES:MSCI MEXICO,,2026-02-25,0.1604
EWY,ISHARES:MSCI S KOREA,,2026-02-25,0.5315
EWZ,ISHARES:MSCI BRAZIL,,2026-02-25,0.2461
FRO,FRONTLINE PLC,,2026-02-25,0.6709
FTI,TECHNIPFMC PLC,,2026-02-25,0.4841
FXA,INVESCO:AU DOLLAR,,2026-02-25,0.067
FXB,INVESCO:GBP STERLING,,2026-02-25,0.0049
FXC,INVESCO:CANADIAN DOLLAR,,2026-02-25,0.0031
FXE,INVESCO:EURO,,2026-02-25,0.0048
FXY,INVESCO:JAPANESE YEN,,2026-02-25,0.0015
GDX,VANECK:GOLD MINERS,,2026-02-25,0.296
GDXJ,VANECK:JR GOLD MINERS,,2026-02-25,0.2994
GEOS,GEOSPACE TECHNOLOGIES ,,2026-02-25,-0.4358
GGB,GERDAU SA,,2026-02-25,0.1247
GLATF,GLOBAL ATOMIC ,,2026-02-25,0.2037
GNK,GENCO SHIPPING & TRADING LIMITED,,2026-02-25,0.2805
GREK,GLBL X MSCI GREECE,,2026-02-25,0.085
HLX,"HELIX ENERGY SOLUTIONS GROUP, INC.",,2026-02-25,0.5311
HYD,VANECK:HIGH YIELD MUNI,,2026-02-25,0.0061
ICL,ICL GROUP LTD,,2026-02-25,-0.1068
INDA,ISHARES:MSCI INDIA,,2026-02-25,-0.0242
IWD,ISHARES:RUSS 1000 VL ETF,,2026-02-25,0.0699
IWF,ISHARES:RUSS 1000 GR ETF,,2026-02-25,-0.0313
IWM,ISHARES:RUSS 2000 ETF,,2026-02-25,0.0748
JNK,SPDR BBG HIGH YIELD BD,,2026-02-25,0.0036
MCHI,ISHARES:MSCI CHINA,,2026-02-25,0.01
MDY,SPDR S&P MIDCAP 400 ETF,,2026-02-25,0.0868
MP,MP MATERIALS CORP,,2026-02-25,0.1611
MTUM,ISHARES:MSCI USA MOM FCT,,2026-02-25,0.0242
MUB,ISHARES:NATL MUNI BOND,,2026-02-25,0.0153
NDX,NASDAQ 100 INDEX,,2026-02-25,0.0031
NORW,GLBL X MSCI NORWAY ETF,,2026-02-25,0.1808
NOV,NOV INC.,,2026-02-25,0.2898
NQ=F,NASDAQ 100 FUTURES,,2026-02-25,-0.0043
OEF,ISHARES:S&P 100,,2026-02-25,-0.0085
PAM,PAMPA ENERGIA SA,,2026-02-25,-0.0828
PBR,BRAZILIAN PETROLEUM  - PETROBRAS,,2026-02-25,0.4101
PFF,ISHARES:PREF AND INC SEC,,2026-02-25,0.0242
POWA,INVESCO BLOOMBERG PRICING POWER,,2026-02-25,0.0267
PPLT,ABRDN:PHYSICAL PLATINUM,,2026-02-25,0.1117
QAT,ISHARES:MSCI QATAR,,2026-02-25,0.0569
QQQ,INVESCO QQQ TRUST 1,,2026-02-25,0.0039
QUAL,ISHARES:MSCI USA QF,,2026-02-25,0.0344
RIG,TRANSOCEAN LTD,,2026-02-25,0.5521
ROKU,"ROKU, INC.",,2026-02-25,-0.1494
RSP,INVESCO S&P500 EWGHT,,2026-02-25,0.0627
RUT,RUSSELL 2000 INDEX,,2026-02-25,0.0731
SBLK,STAR BULK CARRIERS CORP.,,2026-02-25,0.2966
SCHP,SCHWAB STR:US TIPS,,2026-02-25,0.014
SD,"SANDRIDGE ENERGY, INC.",,2026-02-25,0.1635
SDY,SPDR S&P DIVIDEND,,2026-02-25,0.1107
SILJ,ETFMG PRIME JR SILVR MNR,,2026-02-25,0.3726
SLV,ISHARES:SILVER TRUST,,2026-02-25,0.2425
SM,SM ENERGY COMPANY,,2026-02-25,0.1791
SMH,VANECK:SEMICONDUCTOR,,2026-02-25,0.1834
SOYB,TEUCRIUM:SOYBEAN,,2026-02-25,0.086
SPHB,INVESCO S&P500 HI BE,,2026-02-25,0.0683
SPLV,INVESCO S&P500 LOWVL,,2026-02-25,0.0668
SPX,S&P 500 INDEX,,2026-02-25,0.0147
SPY,SPDR S&P 500 ETF,,2026-02-25,0.0165
STLA,STELLANTIS NV,,2026-02-25,-0.292
STNG,SCORPIO TANKERS INC.,,2026-02-25,0.4519
TAGS,TEUCRIUM:AGRICULTURAL,,2026-02-25,0.0301
TDW,TIDEWATER INC.,,2026-02-25,0.5551
TECK,TECK RESOURCES LIMITED,,2026-02-25,0.2827
THD,ISHARES:MSCI THAI,,2026-02-25,0.2505
TS,TENARIS SA,,2026-02-25,0.4104
TUR,ISHARES:MSCI TURKEY,,2026-02-25,0.1967
URA,GLBL X URANIUM ETF,,2026-02-25,0.2916
URNM,SPROTT URANIUM MINERS,,2026-02-25,0.3389
UUP,INVESCO DB USD IDX BL,,2026-02-25,0.0018
VAL,VALARIS LIMITED,,2026-02-25,0.8687
VIX,CBOE MKT VOLATILITY IDX,,2026-02-25,0.1993
VNM,VANECK:VIETNAM,,2026-02-25,0.0005
VXN,CBOE NASDAQ MKT VOL NDX,,2026-02-25,0.1728
WEAT,TEUCRIUM:WHEAT,,2026-02-25,0.0891
XES,SPDR S&P OIL&GAS E&S,,2026-02-25,0.3865
XLB,SEL SECTOR:MATRLS SPDR,,2026-02-25,0.17
XLC,SEL SECTOR:COMM SVC SPDR,,2026-02-25,-0.0104
XLE,SEL SECTOR:ENERGY SPDR,,2026-02-25,0.2272
XLF,SEL SECTOR:FINL S SPDR,,2026-02-25,-0.0529
XLI,SEL SECTOR:INDUST SPDR,,2026-02-25,0.132
XLK,SEL SECTOR:TECH SPDR,,2026-02-25,-0.0067
XLP,SEL SECTOR:C STP SPDR,,2026-02-25,0.1459
XLRE,SEL SECTOR:RL EST SPDR,,2026-02-25,0.0766
XLU,SEL SECTOR:UTIL SPDR,,2026-02-25,0.1094
XLV,SEL SECTOR:H CARE SPDR,,2026-02-25,0.0196
XLY,SEL SECTOR:C DSC SPDR,,2026-02-25,-0.0194
XOP,SPDR S&P OIL&GAS EXP,,2026-02-25,0.1753
