Ticker,Ticker_name,Exposure,Date,mtd_pct_change
EDV,VANGUARD EXT DUR T;ETF,Bonds,2026-02-23,0.0487
HYG,ISHARES:IBOXX $HY CORP,Bonds,2026-02-23,-0.0031
IEF,ISHARES:7-10 TRS BD ETF,Bonds,2026-02-23,0.0156
LQD,ISHARES:IBOXX $IG CORP,Bonds,2026-02-23,0.0103
SHY,ISHARES:1-3 TRS BD ETF,Bonds,2026-02-23,0.0008
STIP,ISHARES:0-5 TIPS BD ETF,Bonds,2026-02-23,0.001
TIP,ISHARES:TIPS BD ETF,Bonds,2026-02-23,0.0073
TLT,ISHARES:20+ TRS BD ETF,Bonds,2026-02-23,0.03
CHTR,"CHARTER COMMUNICATIONS, INC.",Communication Services,2026-02-23,0.1038
CMCSA,COMCAST ,Communication Services,2026-02-23,0.0632
DIS,THE WALT DISNEY COMPANY,Communication Services,2026-02-23,-0.0744
EA,ELECTRONIC ARTS INC.,Communication Services,2026-02-23,-0.0169
FOXA,FOX ,Communication Services,2026-02-23,-0.2396
GOOGL,ALPHABET INC.,Communication Services,2026-02-23,-0.0784
LYV,"LIVE NATION ENTERTAINMENT, INC.",Communication Services,2026-02-23,0.0882
META,"META PLATFORMS, INC.",Communication Services,2026-02-23,-0.1106
MTCH,"MATCH GROUP, INC.",Communication Services,2026-02-23,-0.0087
NFLX,"NETFLIX, INC.",Communication Services,2026-02-23,-0.0895
NWSA,NEWS CORP.,Communication Services,2026-02-23,-0.1491
OMC,OMNICOM GROUP INC.,Communication Services,2026-02-23,0.0482
PSKY,PARAMOUNT SKYDANCE ,Communication Services,2026-02-23,-0.058
T,AT&T INC.,Communication Services,2026-02-23,0.0881
TKO,"TKO GROUP HOLDINGS, INC.",Communication Services,2026-02-23,0.0166
TMUS,"T-MOBILE US, INC.",Communication Services,2026-02-23,0.1153
TTD,"THE TRADE DESK, INC.",Communication Services,2026-02-23,-0.2031
TTWO,"TAKE-TWO INTERACTIVE SOFTWARE, INC.",Communication Services,2026-02-23,-0.1122
VZ,VERIZON COMMUNICATIONS INC.,Communication Services,2026-02-23,0.1159
WBD,"WARNER BROS. DISCOVERY, INC.",Communication Services,2026-02-23,0.0501
ABNB,"AIRBNB, INC.",Consumer Discretionary,2026-02-23,-0.0495
AMZN,"AMAZON.COM, INC.",Consumer Discretionary,2026-02-23,-0.1422
APTV,APTIV PLC,Consumer Discretionary,2026-02-23,0.0148
AZO,"AUTOZONE, INC.",Consumer Discretionary,2026-02-23,0.0337
BBY,"BEST BUY CO., INC.",Consumer Discretionary,2026-02-23,-0.0367
BKNG,BOOKING HOLDINGS INC.,Consumer Discretionary,2026-02-23,-0.2261
CCL,CARNIVAL CORP,Consumer Discretionary,2026-02-23,0.0133
CMG,"CHIPOTLE MEXICAN GRILL, INC.",Consumer Discretionary,2026-02-23,-0.0581
CVNA,CARVANA CO.,Consumer Discretionary,2026-02-23,-0.1895
DASH,"DOORDASH, INC.",Consumer Discretionary,2026-02-23,-0.1953
DECK,DECKERS OUTDOOR ,Consumer Discretionary,2026-02-23,-0.0098
DHI,"D.R. HORTON, INC.",Consumer Discretionary,2026-02-23,0.1035
DPZ,"DOMINO'S PIZZA, INC.",Consumer Discretionary,2026-02-23,-0.0243
DRI,"DARDEN RESTAURANTS, INC.",Consumer Discretionary,2026-02-23,0.0748
EBAY,EBAY INC.,Consumer Discretionary,2026-02-23,-0.0758
EXPE,"EXPEDIA GROUP, INC.",Consumer Discretionary,2026-02-23,-0.2882
F,FORD MOTOR COMPANY,Consumer Discretionary,2026-02-23,-0.0173
GM,GENERAL MOTORS COMPANY,Consumer Discretionary,2026-02-23,-0.0517
GPC,GENUINE PARTS COMPANY,Consumer Discretionary,2026-02-23,-0.1643
GRMN,GARMIN LTD,Consumer Discretionary,2026-02-23,0.2255
HAS,"HASBRO, INC.",Consumer Discretionary,2026-02-23,0.1003
HD,"THE HOME DEPOT, INC.",Consumer Discretionary,2026-02-23,0.0064
HLT,HILTON WORLDWIDE HOLDINGS INC.,Consumer Discretionary,2026-02-23,0.0445
LEN,LENNAR ,Consumer Discretionary,2026-02-23,0.0626
LOW,"LOWE'S COMPANIES, INC.",Consumer Discretionary,2026-02-23,0.0273
LULU,LULULEMON ATHLETICA INC.,Consumer Discretionary,2026-02-23,0.0207
LVS,LAS VEGAS SANDS CORP.,Consumer Discretionary,2026-02-23,0.0567
MAR,"MARRIOTT INTERNATIONAL, INC.",Consumer Discretionary,2026-02-23,0.0866
MCD,MCDONALD'S ,Consumer Discretionary,2026-02-23,0.0621
MGM,MGM RESORTS INTERNATIONAL,Consumer Discretionary,2026-02-23,0.0212
NCLH,NORWEGIAN CRUISE LINE HOLDINGS LTD.,Consumer Discretionary,2026-02-23,0.0697
NKE,"NIKE, INC.",Consumer Discretionary,2026-02-23,0.0207
NVR,"NVR, INC.",Consumer Discretionary,2026-02-23,-0.0234
ORLY,"O'REILLY AUTOMOTIVE, INC.",Consumer Discretionary,2026-02-23,-0.0311
PHM,"PULTEGROUP, INC.",Consumer Discretionary,2026-02-23,0.1209
POOL,POOL ,Consumer Discretionary,2026-02-23,-0.1401
RCL,ROYAL CARIBBEAN CRUISES LTD.,Consumer Discretionary,2026-02-23,-0.0678
RL,RALPH LAUREN ,Consumer Discretionary,2026-02-23,0.0329
ROST,"ROSS STORES, INC.",Consumer Discretionary,2026-02-23,0.0702
SBUX,STARBUCKS ,Consumer Discretionary,2026-02-23,0.0308
TJX,"THE TJX COMPANIES, INC.",Consumer Discretionary,2026-02-23,0.0526
TPR,"TAPESTRY, INC.",Consumer Discretionary,2026-02-23,0.2053
TSCO,TRACTOR SUPPLY COMPANY,Consumer Discretionary,2026-02-23,0.0592
TSLA,"TESLA, INC.",Consumer Discretionary,2026-02-23,-0.071
ULTA,"ULTA BEAUTY, INC.",Consumer Discretionary,2026-02-23,0.0348
WSM,"WILLIAMS-SONOMA, INC.",Consumer Discretionary,2026-02-23,-0.0135
WYNN,"WYNN RESORTS, LIMITED",Consumer Discretionary,2026-02-23,-0.0019
YUM,"YUM! BRANDS, INC.",Consumer Discretionary,2026-02-23,0.0704
ADM,ARCHER-DANIELS-MIDLAND COMPANY.,Consumer Staples,2026-02-23,0.0056
BF.B,BROWN-FORMAN ,Consumer Staples,2026-02-23,0.1034
BG,BUNGE LIMITED,Consumer Staples,2026-02-23,0.0653
CAG,"CONAGRA BRANDS, INC.",Consumer Staples,2026-02-23,0.0189
CHD,"CHURCH & DWIGHT CO., INC.",Consumer Staples,2026-02-23,0.0936
CL,COLGATE-PALMOLIVE COMPANY,Consumer Staples,2026-02-23,0.0754
CLX,THE CLOROX COMPANY,Consumer Staples,2026-02-23,0.1239
COST,COSTCO WHOLESALE ,Consumer Staples,2026-02-23,0.0487
CPB,CAMPBELL SOUP COMPANY,Consumer Staples,2026-02-23,-0.0311
DG,DOLLAR GENERAL ,Consumer Staples,2026-02-23,0.066
DLTR,"DOLLAR TREE, INC.",Consumer Staples,2026-02-23,0.109
EL,THE ESTEE LAUDER COMPANIES INC.,Consumer Staples,2026-02-23,-0.0196
GIS,"GENERAL MILLS, INC.",Consumer Staples,2026-02-23,-0.019
HRL,HORMEL FOODS ,Consumer Staples,2026-02-23,0.0223
HSY,THE HERSHEY COMPANY,Consumer Staples,2026-02-23,0.1608
KDP,KEURIG DR PEPPER INC.,Consumer Staples,2026-02-23,0.0849
KHC,THE KRAFT HEINZ COMPANY,Consumer Staples,2026-02-23,0.0337
KMB,KIMBERLY-CLARK ,Consumer Staples,2026-02-23,0.1052
KO,THE COCA-COLA COMPANY,Consumer Staples,2026-02-23,0.0769
KR,THE KROGER CO.,Consumer Staples,2026-02-23,0.0861
KVUE,KENVUE INC.,Consumer Staples,2026-02-23,0.0891
LW,"LAMB WESTON HOLDINGS, INC.",Consumer Staples,2026-02-23,0.0281
MDLZ,"MONDELEZ INTERNATIONAL, INC.",Consumer Staples,2026-02-23,0.0327
MKC,"MCCORMICK & COMPANY, INC.",Consumer Staples,2026-02-23,0.1245
MNST,MONSTER BEVERAGE ,Consumer Staples,2026-02-23,0.0487
MO,"ALTRIA GROUP, INC.",Consumer Staples,2026-02-23,0.1128
PEP,"PEPSICO, INC.",Consumer Staples,2026-02-23,0.0956
PG,THE PROCTER & GAMBLE COMPANY,Consumer Staples,2026-02-23,0.0883
PM,PHILIP MORRIS INTERNATIONAL INC.,Consumer Staples,2026-02-23,0.0434
SJM,THE J. M. SMUCKER COMPANY,Consumer Staples,2026-02-23,0.0586
STZ,"CONSTELLATION BRANDS, INC.",Consumer Staples,2026-02-23,0.0174
SYY,SYSCO ,Consumer Staples,2026-02-23,0.0665
TAP,MOLSON COORS BEVERAGE COMPANY,Consumer Staples,2026-02-23,0.0298
TGT,TARGET ,Consumer Staples,2026-02-23,0.0746
TSN,"TYSON FOODS, INC.",Consumer Staples,2026-02-23,-0.0363
WMT,WALMART INC.,Consumer Staples,2026-02-23,0.056
APA,APA ,Energy,2026-02-23,0.0875
BKR,BAKER HUGHES COMPANY,Energy,2026-02-23,0.1362
COP,CONOCOPHILLIPS,Energy,2026-02-23,0.0542
CTRA,COTERRA ENERGY INC.,Energy,2026-02-23,0.0659
CVX,CHEVRON ,Energy,2026-02-23,0.0453
DVN,DEVON ENERGY ,Energy,2026-02-23,0.086
EOG,"EOG RESOURCES, INC.",Energy,2026-02-23,0.0908
EQT,EQT ,Energy,2026-02-23,0.0225
EXE,EXPAND ENERGY ,Energy,2026-02-23,-0.0821
FANG,"DIAMONDBACK ENERGY, INC.",Energy,2026-02-23,0.0602
HAL,HALLIBURTON COMPANY,Energy,2026-02-23,0.0513
KMI,"KINDER MORGAN, INC.",Energy,2026-02-23,0.0725
MPC,MARATHON PETROLEUM ,Energy,2026-02-23,0.0944
OKE,"ONEOK, INC.",Energy,2026-02-23,0.1028
OXY,OCCIDENTAL PETROLEUM ,Energy,2026-02-23,0.1551
PSX,PHILLIPS 66,Energy,2026-02-23,0.0786
SLB,SCHLUMBERGER N.V.,Energy,2026-02-23,0.0591
TPL,TEXAS PACIFIC LAND ,Energy,2026-02-23,0.4435
TRGP,TARGA RESOURCES CORP.,Energy,2026-02-23,0.1537
VLO,VALERO ENERGY ,Energy,2026-02-23,0.088
WMB,"THE WILLIAMS COMPANIES, INC.",Energy,2026-02-23,0.085
XOM,EXXON MOBIL ,Energy,2026-02-23,0.0662
UNG,UNITED STATES NAT GAS,Energy Complex,2026-02-23,-0.3053
USO,UNITED STATES OIL FUND,Energy Complex,2026-02-23,0.0174
ACGL,ARCH CAPITAL GROUP LTD.,Financials,2026-02-23,0.0277
AFL,AFLAC INC.,Financials,2026-02-23,0.0126
AIG,"AMERICAN INTERNATIONAL GROUP, INC.",Financials,2026-02-23,0.0681
AIZ,"ASSURANT, INC.",Financials,2026-02-23,-0.0828
AJG,ARTHUR J. GALLAGHER & CO.,Financials,2026-02-23,-0.1405
ALL,THE ALLSTATE ,Financials,2026-02-23,0.036
AMP,"AMERIPRISE FINANCIAL, INC.",Financials,2026-02-23,-0.1392
AON,AON PLC,Financials,2026-02-23,-0.0982
APO,"APOLLO GLOBAL MANAGEMENT, INC.",Financials,2026-02-23,-0.1547
ARES,ARES MANAGEMENT CORP,Financials,2026-02-23,-0.2345
AXP,AMERICAN EXPRESS COMPANY,Financials,2026-02-23,-0.0878
BAC,BANK OF AMERICA ,Financials,2026-02-23,-0.04
BEN,"FRANKLIN RESOURCES, INC.",Financials,2026-02-23,0.0169
BK,THE BANK OF NEW YORK MELLON ,Financials,2026-02-23,-0.0365
BLK,"BLACKROCK, INC.",Financials,2026-02-23,-0.0428
BRK.B,"BERKSHIRE HATHAWAY INC.,",Financials,2026-02-23,0.0282
BRO,"BROWN & BROWN, INC.",Financials,2026-02-23,-0.0408
BX,BLACKSTONE INC,Financials,2026-02-23,-0.2016
C,CITIGROUP INC.,Financials,2026-02-23,-0.0429
CB,CHUBB LTD,Financials,2026-02-23,0.077
CBOE,"CBOE GLOBAL MARKETS, INC.",Financials,2026-02-23,0.0945
CFG,"CITIZENS FINANCIAL GROUP, INC.",Financials,2026-02-23,-0.0078
CINF,CINCINNATI FINANCIAL ,Financials,2026-02-23,0.0001
CME,CME GROUP INC.,Financials,2026-02-23,0.0863
COF,CAPITAL ONE FINANCIAL ,Financials,2026-02-23,-0.1321
COIN,"COINBASE GLOBAL, INC.",Financials,2026-02-23,-0.1772
CPAY,"FLEETCOR TECHNOLOGIES, INC.",Financials,2026-02-23,0.057
EG,"EVEREST GROUP, LTD.",Financials,2026-02-23,0.0196
ERIE,ERIE INDEMNITY COMPANY,Financials,2026-02-23,-0.068
FDS,FACTSET RESEARCH SYSTEMS INC.,Financials,2026-02-23,-0.252
FIS,FIDELITY NATIONAL INFORMATION SERVICES,Financials,2026-02-23,-0.141
FISV,"FISERV, INC.",Financials,2026-02-23,-0.0836
FITB,FIFTH THIRD BANCORP,Financials,2026-02-23,0.0098
GL,GLOBE LIFE INC.,Financials,2026-02-23,0.0173
GPN,GLOBAL PAYMENTS INC.,Financials,2026-02-23,0.108
GS,"THE GOLDMAN SACHS GROUP, INC.",Financials,2026-02-23,-0.0461
HBAN,HUNTINGTON BANCSHARES INC.,Financials,2026-02-23,-0.0229
HIG,THE HARTFORD FINANCIAL SERVICES GROUP,Financials,2026-02-23,0.0406
HOOD,"ROBINHOOD MARKETS, INC.",Financials,2026-02-23,-0.2784
IBKR,"INTERACTIVE BROKERS GROUP, INC.",Financials,2026-02-23,-0.0446
ICE,"INTERCONTINENTAL EXCHANGE, INC.",Financials,2026-02-23,-0.1132
IVZ,INVESCO LTD.,Financials,2026-02-23,-0.0762
JKHY,"JACK HENRY & ASSOCIATES, INC.",Financials,2026-02-23,-0.1313
JPM,JPMORGAN CHASE & CO.,Financials,2026-02-23,-0.0269
KEY,KEYCORP,Financials,2026-02-23,-0.0237
KKR,KKR & CO. INC.,Financials,2026-02-23,-0.1932
L,LOEWS ,Financials,2026-02-23,0.0297
MA,MASTERCARD INC..,Financials,2026-02-23,-0.0794
MCO,MOODY'S ,Financials,2026-02-23,-0.1522
MET,"METLIFE, INC.",Financials,2026-02-23,-0.0461
MRSH,"MARSH & MCLENNAN COMPANIES, INC.",Financials,2026-02-23,-0.0595
MS,MORGAN STANLEY,Financials,2026-02-23,-0.0875
MSCI,MSCI INC.,Financials,2026-02-23,-0.1163
MTB,M&T BANK ,Financials,2026-02-23,0.0025
NDAQ,"NASDAQ, INC.",Financials,2026-02-23,-0.1751
NTRS,NORTHERN TRUST ,Financials,2026-02-23,-0.0606
PFG,"PRINCIPAL FINANCIAL GROUP, INC.",Financials,2026-02-23,-0.0214
PGR,THE PROGRESSIVE ,Financials,2026-02-23,-0.0207
PNC,"THE PNC FINANCIAL SERVICES GROUP, INC.",Financials,2026-02-23,-0.0113
PRU,"PRUDENTIAL FINANCIAL, INC.",Financials,2026-02-23,-0.0921
PYPL,"PAYPAL HOLDINGS, INC.",Financials,2026-02-23,-0.164
RF,REGIONS FINANCIAL ,Financials,2026-02-23,0.0074
RJF,"RAYMOND JAMES FINANCIAL, INC.",Financials,2026-02-23,-0.0768
SCHW,THE CHARLES SCHWAB ,Financials,2026-02-23,-0.1075
SPGI,S&P GLOBAL INC.,Financials,2026-02-23,-0.2331
STT,STATE STREET ,Financials,2026-02-23,-0.0438
SYF,SYNCHRONY FINANCIAL,Financials,2026-02-23,-0.0516
TFC,TRUIST FINANCIAL ,Financials,2026-02-23,-0.0259
TROW,"T. ROWE PRICE GROUP, INC.",Financials,2026-02-23,-0.1194
TRV,"THE TRAVELERS COMPANIES, INC.",Financials,2026-02-23,0.0734
USB,U.S. BANCORP,Financials,2026-02-23,-0.0053
V,VISA INC.,Financials,2026-02-23,-0.0476
WFC,WELLS FARGO & COMPANY,Financials,2026-02-23,-0.059
WRB,W. R. BERKLEY ,Financials,2026-02-23,0.0353
WTW,WILLIS TOWERS WATSON,Financials,2026-02-23,-0.0817
XYZ,"BLOCK, INC.",Financials,2026-02-23,-0.1602
GLD,SPDR GOLD,Gold,2026-02-23,0.0816
A,"AGILENT TECHNOLOGIES, INC.",Health Care,2026-02-23,-0.0721
ABBV,ABBVIE INC.,Health Care,2026-02-23,0.029
ABT,ABBOTT LABORATORIES,Health Care,2026-02-23,0.0548
ALGN,"ALIGN TECHNOLOGY, INC.",Health Care,2026-02-23,0.1118
AMGN,AMGEN INC.,Health Care,2026-02-23,0.1098
BAX,BAXTER INTERNATIONAL INC.,Health Care,2026-02-23,0.0593
BDX,"BECTON, DICKINSON AND COMPANY",Health Care,2026-02-23,-0.0941
BIIB,BIOGEN INC.,Health Care,2026-02-23,0.0914
BMY,BRISTOL-MYERS SQUIBB COMPANY,Health Care,2026-02-23,0.1126
BSX,BOSTON SCIENTIFIC ,Health Care,2026-02-23,-0.2049
CAH,"CARDINAL HEALTH, INC.",Health Care,2026-02-23,0.0463
CI,THE CIGNA GROUP,Health Care,2026-02-23,0.0331
CNC,CENTENE ,Health Care,2026-02-23,0.0005
COO,"THE COOPER COMPANIES, INC.",Health Care,2026-02-23,0.0192
COR,"CENCORA, INC.",Health Care,2026-02-23,0.019
CRL,CHARLES RIVER LABORATORIES,Health Care,2026-02-23,-0.2231
CVS,CVS HEALTH ,Health Care,2026-02-23,0.0333
DGX,QUEST DIAGNOSTICS INC.,Health Care,2026-02-23,0.1091
DHR,DANAHER ,Health Care,2026-02-23,-0.0364
DVA,DAVITA INC.,Health Care,2026-02-23,0.3836
DXCM,"DEXCOM, INC.",Health Care,2026-02-23,0.003
ELV,"ELEVANCE HEALTH, INC.",Health Care,2026-02-23,-0.0285
EW,EDWARDS LIFESCIENCES ,Health Care,2026-02-23,0.0133
GEHC,GE HEALTHCARE TECHNOLOGIES INC.,Health Care,2026-02-23,0.0619
GILD,"GILEAD SCIENCES, INC.",Health Care,2026-02-23,0.0555
HCA,"HCA HEALTHCARE, INC.",Health Care,2026-02-23,0.0977
HOLX,"HOLOGIC, INC.",Health Care,2026-02-23,0.0068
HSIC,"HENRY SCHEIN, INC.",Health Care,2026-02-23,0.0674
HUM,HUMANA INC.,Health Care,2026-02-23,-0.0719
IDXX,"IDEXX LABORATORIES, INC.",Health Care,2026-02-23,-0.0706
INCY,INCYTE ,Health Care,2026-02-23,0.0078
IQV,IQVIA HOLDINGS INC,Health Care,2026-02-23,-0.2948
ISRG,"INTUITIVE SURGICAL, INC.",Health Care,2026-02-23,-0.024
JNJ,JOHNSON & JOHNSON,Health Care,2026-02-23,0.0818
LH,LABORATORY  OF AMERICA HOLDINGS,Health Care,2026-02-23,0.0508
LLY,ELI LILLY AND COMPANY,Health Care,2026-02-23,0.0206
MCK,MCKESSON ,Health Care,2026-02-23,0.142
MDT,MEDTRONIC PUBLIC LIMITED COMPANY,Health Care,2026-02-23,-0.0422
MOH,"MOLINA HEALTHCARE, INC.",Health Care,2026-02-23,-0.1302
MRK,"MERCK & CO., INC.",Health Care,2026-02-23,0.1229
MRNA,"MODERNA, INC.",Health Care,2026-02-23,0.1411
MTD,METTLER-TOLEDO INTERNATIONAL INC.,Health Care,2026-02-23,0.0146
PFE,PFIZER INC.,Health Care,2026-02-23,0.0234
PODD,INSULET ,Health Care,2026-02-23,-0.0251
REGN,"REGENERON PHARMACEUTICALS, INC.",Health Care,2026-02-23,0.0615
RMD,RESMED INC.,Health Care,2026-02-23,0.0096
RVTY,"REVVITY, INC.",Health Care,2026-02-23,-0.1074
SOLV,SOLVENTUM ,Health Care,2026-02-23,-0.0561
STE,STERIS PUBLIC LIMITED COMPANY,Health Care,2026-02-23,-0.059
SYK,STRYKER ,Health Care,2026-02-23,0.041
TECH,BIO-TECHNE ,Health Care,2026-02-23,-0.1456
TMO,THERMO FISHER SCIENTIFIC INC.,Health Care,2026-02-23,-0.1074
UHS,"UNIVERSAL HEALTH SERVICES, INC.",Health Care,2026-02-23,0.1557
UNH,UNITEDHEALTH GROUP INC.,Health Care,2026-02-23,-0.016
VRTX,VERTEX PHARMACEUTICALS INC.,Health Care,2026-02-23,0.0236
VTRS,VIATRIS INC.,Health Care,2026-02-23,0.2185
WAT,WATERS ,Health Care,2026-02-23,-0.1158
WST,"WEST PHARMACEUTICAL SERVICES, INC.",Health Care,2026-02-23,0.0567
ZBH,"ZIMMER BIOMET HOLDINGS, INC.",Health Care,2026-02-23,0.1423
ZTS,ZOETIS INC.,Health Care,2026-02-23,0.0078
ADP,"AUTOMATIC DATA PROCESSING, INC.",Industrials,2026-02-23,-0.1665
ALLE,ALLEGION PUBLIC LIMITED COMPANY,Industrials,2026-02-23,-0.0406
AME,"AMETEK, INC.",Industrials,2026-02-23,0.0334
AOS,A. O. SMITH ,Industrials,2026-02-23,0.0446
AXON,"AXON ENTERPRISE, INC.",Industrials,2026-02-23,-0.1244
BA,THE BOEING COMPANY,Industrials,2026-02-23,-0.014
BLDR,"BUILDERS FIRSTSOURCE, INC.",Industrials,2026-02-23,-0.0622
BR,"BROADRIDGE FINANCIAL SOLUTIONS, INC.",Industrials,2026-02-23,-0.1085
CARR,CARRIER GLOBAL ,Industrials,2026-02-23,0.0651
CAT,CATERPILLAR INC.,Industrials,2026-02-23,0.1508
CHRW,"C.H. ROBINSON WORLDWIDE, INC.",Industrials,2026-02-23,-0.091
CMI,CUMMINS INC.,Industrials,2026-02-23,0.0148
CPRT,"COPART, INC.",Industrials,2026-02-23,-0.1286
CSX,CSX ,Industrials,2026-02-23,0.1115
CTAS,CINTAS ,Industrials,2026-02-23,0.0363
DAL,"DELTA AIR LINES, INC.",Industrials,2026-02-23,0.015
DE,DEERE & COMPANY,Industrials,2026-02-23,0.2251
DOV,DOVER ,Industrials,2026-02-23,0.1451
EFX,EQUIFAX INC.,Industrials,2026-02-23,-0.0644
EME,"EMCOR GROUP, INC.",Industrials,2026-02-23,0.1192
EMR,EMERSON ELECTRIC CO.,Industrials,2026-02-23,-0.0099
ETN,EATON  PUBLIC LIMITED COMPANY,Industrials,2026-02-23,0.0302
EXPD,EXPEDITORS INTERNATIONAL OF WASHINGTON,Industrials,2026-02-23,-0.068
FAST,FASTENAL COMPANY,Industrials,2026-02-23,0.039
FDX,FEDEX ,Industrials,2026-02-23,0.1907
FIX,"COMFORT SYSTEMS USA, INC.",Industrials,2026-02-23,0.2377
FTV,FORTIVE ,Industrials,2026-02-23,0.0827
GD,GENERAL DYNAMICS ,Industrials,2026-02-23,-0.006
GE,GENERAL ELECTRIC COMPANY,Industrials,2026-02-23,0.105
GEV,GE VERNOVA INC.,Industrials,2026-02-23,0.145
GNRC,GENERAC HOLDINGS INC.,Industrials,2026-02-23,0.3535
GWW,"W.W. GRAINGER, INC.",Industrials,2026-02-23,0.0341
HII,"HUNTINGTON INGALLS INDUSTRIES, INC.",Industrials,2026-02-23,0.0416
HON,HONEYWELL INTERNATIONAL INC.,Industrials,2026-02-23,0.0683
HUBB,HUBBELL INC.,Industrials,2026-02-23,0.0595
HWM,HOWMET AEROSPACE INC.,Industrials,2026-02-23,0.2353
IEX,IDEX ,Industrials,2026-02-23,0.0408
IR,INGERSOLL RAND INC.,Industrials,2026-02-23,0.0912
ITW,ILLINOIS TOOL WORKS INC.,Industrials,2026-02-23,0.1223
J,JACOBS SOLUTIONS INC.,Industrials,2026-02-23,-0.0256
JBHT,"J. B. HUNT TRANSPORT SERVICES, INC.",Industrials,2026-02-23,0.0955
JCI,JOHNSON CONTROLS INTERNATIONAL PLC,Industrials,2026-02-23,0.1976
LDOS,"LEIDOS HOLDINGS, INC.",Industrials,2026-02-23,-0.0865
LHX,"L3HARRIS TECHNOLOGIES, INC.",Industrials,2026-02-23,0.0358
LII,LENNOX INTERNATIONAL INC.,Industrials,2026-02-23,0.1207
LMT,LOCKHEED MARTIN ,Industrials,2026-02-23,0.0416
LUV,SOUTHWEST AIRLINES CO.,Industrials,2026-02-23,0.0711
MAS,MASCO ,Industrials,2026-02-23,0.117
MMM,3M COMPANY,Industrials,2026-02-23,0.0861
NDSN,NORDSON ,Industrials,2026-02-23,0.0521
NOC,NORTHROP GRUMMAN ,Industrials,2026-02-23,0.0479
NSC,NORFOLK SOUTHERN ,Industrials,2026-02-23,0.0817
ODFL,"OLD DOMINION FREIGHT LINE, INC.",Industrials,2026-02-23,0.1194
OTIS,OTIS WORLDWIDE ,Industrials,2026-02-23,0.0601
PAYC,"PAYCOM SOFTWARE, INC.",Industrials,2026-02-23,-0.1508
PAYX,"PAYCHEX, INC.",Industrials,2026-02-23,-0.1526
PCAR,PACCAR INC,Industrials,2026-02-23,0.0256
PH,PARKER-HANNIFIN ,Industrials,2026-02-23,0.0781
PNR,PENTAIR PUBLIC LIMITED COMPANY,Industrials,2026-02-23,-0.0352
PWR,"QUANTA SERVICES, INC.",Industrials,2026-02-23,0.1569
ROK,"ROCKWELL AUTOMATION, INC.",Industrials,2026-02-23,-0.0807
ROL,"ROLLINS, INC.",Industrials,2026-02-23,-0.0467
RSG,"REPUBLIC SERVICES, INC.",Industrials,2026-02-23,0.0284
RTX,RTX ,Industrials,2026-02-23,0.0049
SNA,SNAP-ON INC.,Industrials,2026-02-23,0.0526
SWK,"STANLEY BLACK & DECKER, INC.",Industrials,2026-02-23,0.1097
TDG,TRANSDIGM GROUP INC.,Industrials,2026-02-23,-0.092
TT,TRANE TECHNOLOGIES PLC,Industrials,2026-02-23,0.0936
TXT,TEXTRON INC.,Industrials,2026-02-23,0.122
UAL,"UNITED AIRLINES HOLDINGS, INC.",Industrials,2026-02-23,0.0474
UBER,"UBER TECHNOLOGIES, INC.",Industrials,2026-02-23,-0.1166
UNP,UNION PACIFIC ,Industrials,2026-02-23,0.1219
UPS,"UNITED PARCEL SERVICE, INC.",Industrials,2026-02-23,0.0828
URI,"UNITED RENTALS, INC.",Industrials,2026-02-23,0.1287
VLTO,VERALTO ,Industrials,2026-02-23,-0.0645
VRSK,"VERISK ANALYTICS, INC.",Industrials,2026-02-23,-0.1649
WAB,WESTINGHOUSE AIR BRAKE TECHNOLOGIES ,Industrials,2026-02-23,0.1425
WM,"WASTE MANAGEMENT, INC.",Industrials,2026-02-23,0.0374
XYL,XYLEM INC.,Industrials,2026-02-23,-0.077
AAPL,APPLE INC.,Information Technology,2026-02-23,0.0258
ACN,ACCENTURE PUBLIC LIMITED COMPANY,Information Technology,2026-02-23,-0.2369
ADBE,ADOBE INC.,Information Technology,2026-02-23,-0.1588
ADI,"ANALOG DEVICES, INC.",Information Technology,2026-02-23,0.1424
ADSK,"AUTODESK, INC.",Information Technology,2026-02-23,-0.1354
AKAM,"AKAMAI TECHNOLOGIES, INC.",Information Technology,2026-02-23,0.0166
AMAT,"APPLIED MATERIALS, INC.",Information Technology,2026-02-23,0.1589
AMD,"ADVANCED MICRO DEVICES, INC.",Information Technology,2026-02-23,-0.1695
ANET,"ARISTA NETWORKS, INC.",Information Technology,2026-02-23,-0.101
APH,AMPHENOL ,Information Technology,2026-02-23,0.026
APP,APPLOVIN CORP,Information Technology,2026-02-23,-0.1955
AVGO,BROADCOM INC.,Information Technology,2026-02-23,-0.0029
CDNS,"CADENCE DESIGN SYSTEMS, INC.",Information Technology,2026-02-23,-0.0559
CDW,CDW ,Information Technology,2026-02-23,-0.0258
CIEN,CIENA CORPORATION,Information Technology,2026-02-23,0.3694
CRM,"SALESFORCE, INC.",Information Technology,2026-02-23,-0.1608
CRWD,"CROWDSTRIKE HOLDINGS, INC.",Information Technology,2026-02-23,-0.2063
CSCO,"CISCO SYSTEMS, INC.",Information Technology,2026-02-23,-0.0074
CTSH,COGNIZANT TECHNOLOGY SOLUTIONS ,Information Technology,2026-02-23,-0.2551
DDOG,"DATADOG, INC.",Information Technology,2026-02-23,-0.2065
DELL,DELL TECHNOLOGIES INC.,Information Technology,2026-02-23,0.0411
EPAM,"EPAM SYSTEMS, INC.",Information Technology,2026-02-23,-0.377
FFIV,"F5, INC.",Information Technology,2026-02-23,-0.0221
FICO,FAIR ISAAC ,Information Technology,2026-02-23,-0.1241
FSLR,"FIRST SOLAR, INC.",Information Technology,2026-02-23,0.0737
FTNT,"FORTINET, INC.",Information Technology,2026-02-23,-0.0697
GDDY,GODADDY INC.,Information Technology,2026-02-23,-0.1269
GEN,GEN DIGITAL INC.,Information Technology,2026-02-23,-0.0975
GLW,CORNING INC.,Information Technology,2026-02-23,0.4068
HPE,HEWLETT PACKARD ENTERPRISE COMPANY,Information Technology,2026-02-23,-0.0706
HPQ,HP INC.,Information Technology,2026-02-23,-0.0561
IBM,INTERNATIONAL BUSINESS MACHINES ,Information Technology,2026-02-23,-0.2718
INTC,INTEL ,Information Technology,2026-02-23,-0.0611
INTU,INTUIT INC.,Information Technology,2026-02-23,-0.2793
IT,"GARTNER, INC.",Information Technology,2026-02-23,-0.3084
JBL,JABIL INC.,Information Technology,2026-02-23,0.1016
KEYS,"KEYSIGHT TECHNOLOGIES, INC.",Information Technology,2026-02-23,0.1325
KLAC,KLA ,Information Technology,2026-02-23,0.0418
LRCX,LAM RESEARCH ,Information Technology,2026-02-23,0.0377
MCHP,MICROCHIP TECHNOLOGY INC.,Information Technology,2026-02-23,0.009
MPWR,"MONOLITHIC POWER SYSTEMS, INC.",Information Technology,2026-02-23,0.0586
MSFT,MICROSOFT ,Information Technology,2026-02-23,-0.1065
MSI,"MOTOROLA SOLUTIONS, INC.",Information Technology,2026-02-23,0.1552
MU,"MICRON TECHNOLOGY, INC.",Information Technology,2026-02-23,0.0147
NOW,"SERVICENOW, INC.",Information Technology,2026-02-23,-0.1385
NTAP,"NETAPP, INC.",Information Technology,2026-02-23,0.0434
NVDA,NVIDIA ,Information Technology,2026-02-23,0.0022
NXPI,NXP SEMICONDUCTORS NV,Information Technology,2026-02-23,0.0222
ON,ON SEMICONDUCTOR ,Information Technology,2026-02-23,0.16
ORCL,ORACLE ,Information Technology,2026-02-23,-0.1414
PANW,"PALO ALTO NETWORKS, INC.",Information Technology,2026-02-23,-0.1855
PLTR,PALANTIR TECHNOLOGIES INC.,Information Technology,2026-02-23,-0.1091
PTC,PTC INC.,Information Technology,2026-02-23,-0.0336
Q,"QNITY ELECTRONICS, INC.",Information Technology,2026-02-23,0.1601
QCOM,QUALCOMM INC.,Information Technology,2026-02-23,-0.0738
ROP,"ROPER TECHNOLOGIES, INC.",Information Technology,2026-02-23,-0.0957
SMCI,"SUPER MICRO COMPUTER, INC.",Information Technology,2026-02-23,0.055
SNDK,SANDISK CORPORATION,Information Technology,2026-02-23,0.1566
SNPS,"SYNOPSYS, INC.",Information Technology,2026-02-23,-0.0952
STX,SEAGATE TECHNOLOGY HOLDINGS,Information Technology,2026-02-23,-0.0007
SWKS,"SKYWORKS SOLUTIONS, INC.",Information Technology,2026-02-23,0.0721
TDY,TELEDYNE TECHNOLOGIES INC.,Information Technology,2026-02-23,0.084
TEL,TE CONNECTIVITY LTD,Information Technology,2026-02-23,0.0382
TER,"TERADYNE, INC.",Information Technology,2026-02-23,0.3213
TRMB,TRIMBLE INC.,Information Technology,2026-02-23,-0.0322
TXN,TEXAS INSTRUMENTS INC.,Information Technology,2026-02-23,0.02
TYL,"TYLER TECHNOLOGIES, INC.",Information Technology,2026-02-23,-0.1407
VRSN,"VERISIGN, INC.",Information Technology,2026-02-23,-0.1341
WDAY,"WORKDAY, INC.",Information Technology,2026-02-23,-0.2643
WDC,WESTERN DIGITAL ,Information Technology,2026-02-23,0.1206
ZBRA,ZEBRA TECHNOLOGIES ,Information Technology,2026-02-23,-0.0156
ALB,ALBEMARLE ,Materials,2026-02-23,0.0404
AMCR,AMCOR PLC,Materials,2026-02-23,0.1431
APD,"AIR PRODUCTS AND CHEMICALS, INC.",Materials,2026-02-23,0.0394
AVY,AVERY DENNISON ,Materials,2026-02-23,0.0599
BALL,BALL ,Materials,2026-02-23,0.1806
CF,"CF INDUSTRIES HOLDINGS, INC.",Materials,2026-02-23,0.0238
CRH,CRH PUBLIC LIMITED COMPANY,Materials,2026-02-23,-0.0075
CTVA,"CORTEVA, INC.",Materials,2026-02-23,0.0503
DD,"DUPONT DE NEMOURS, INC.",Materials,2026-02-23,0.1403
DOW,DOW INC.,Materials,2026-02-23,0.0998
ECL,ECOLAB INC.,Materials,2026-02-23,0.084
FCX,FREEPORT-MCMORAN INC.,Materials,2026-02-23,0.0883
IFF,INTERNATIONAL FLAVORS & FRAGRANCES INC.,Materials,2026-02-23,0.1781
IP,INTERNATIONAL PAPER COMPANY,Materials,2026-02-23,0.1014
LIN,LINDE PUBLIC LIMITED COMPANY,Materials,2026-02-23,0.0902
LYB,LYONDELLBASELL INDUSTRIES NV,Materials,2026-02-23,0.1563
MLM,"MARTIN MARIETTA MATERIALS, INC.",Materials,2026-02-23,0.0485
MOS,THE MOSAIC COMPANY,Materials,2026-02-23,0.0447
NEM,NEWMONT ,Materials,2026-02-23,0.1059
NUE,NUCOR ,Materials,2026-02-23,0.0064
PKG,PACKAGING  OF AMERICA,Materials,2026-02-23,0.0135
PPG,"PPG INDUSTRIES, INC.",Materials,2026-02-23,0.0841
SHW,THE SHERWIN-WILLIAMS COMPANY,Materials,2026-02-23,0.0272
STLD,"STEEL DYNAMICS, INC.",Materials,2026-02-23,0.0916
SW,SMURFIT WESTROCK PUBLIC LIMITED COMPANY,Materials,2026-02-23,0.1119
VMC,VULCAN MATERIALS COMPANY,Materials,2026-02-23,0.0341
AMT,AMERICAN TOWER ,Real Estate,2026-02-23,0.0601
ARE,"ALEXANDRIA REAL ESTATE EQUITIES, INC.",Real Estate,2026-02-23,-0.0163
AVB,"AVALONBAY COMMUNITIES, INC.",Real Estate,2026-02-23,-0.0074
BXP,"BOSTON PROPERTIES, INC.",Real Estate,2026-02-23,-0.0781
CBRE,"CBRE GROUP, INC.",Real Estate,2026-02-23,-0.1535
CCI,CROWN CASTLE INC.,Real Estate,2026-02-23,0.0103
CPT,CAMDEN PROPERTY TRUST,Real Estate,2026-02-23,-0.0078
CSGP,"COSTAR GROUP, INC.",Real Estate,2026-02-23,-0.2216
DLR,"DIGITAL REALTY TRUST, INC.",Real Estate,2026-02-23,0.0611
DOC,"HEALTHDOC PROPERTIES, INC.",Real Estate,2026-02-23,0.0035
EQIX,"EQUINIX, INC.",Real Estate,2026-02-23,0.1519
EQR,EQUITY RESIDENTIAL,Real Estate,2026-02-23,0.016
ESS,"ESSEX PROPERTY TRUST, INC.",Real Estate,2026-02-23,0.0137
EXR,EXTRA SPACE STORAGE INC.,Real Estate,2026-02-23,0.0902
FRT,FEDERAL REALTY INVESTMENT TRUST,Real Estate,2026-02-23,0.0788
HST,"HOST HOTELS & RESORTS, INC.",Real Estate,2026-02-23,0.0664
INVH,INVITATION HOMES INC.,Real Estate,2026-02-23,-0.04
IRM,IRON MOUNTAIN INC.,Real Estate,2026-02-23,0.2069
KIM,KIMCO REALTY .,Real Estate,2026-02-23,0.1105
MAA,"MID-AMERICA APARTMENT COMMUNITIES, INC.",Real Estate,2026-02-23,-0.0072
O,REALTY INCOME ,Real Estate,2026-02-23,0.0903
PLD,"PROLOGIS, INC.",Real Estate,2026-02-23,0.078
PSA,PUBLIC STORAGE.,Real Estate,2026-02-23,0.1053
REG,REGENCY CENTERS ,Real Estate,2026-02-23,0.0674
SBAC,SBA COMMUNICATIONS ,Real Estate,2026-02-23,0.0844
SPG,"SIMON PROPERTY GROUP, INC.",Real Estate,2026-02-23,0.0458
UDR,"UDR, INC.",Real Estate,2026-02-23,0.0059
VICI,VICI PROPERTIES INC.,Real Estate,2026-02-23,0.0762
VTR,"VENTAS, INC.",Real Estate,2026-02-23,0.1152
WELL,WELLTOWER INC.,Real Estate,2026-02-23,0.1124
WY,WEYERHAEUSER COMPANY,Real Estate,2026-02-23,-0.0252
DXY,US DOLLAR INDEX,USD,2026-02-23,0.0095
AEE,AMEREN ,Utilities,2026-02-23,0.0763
AEP,"AMERICAN ELECTRIC POWER COMPANY, INC.",Utilities,2026-02-23,0.1023
AES,THE AES ,Utilities,2026-02-23,0.1099
ATO,ATMOS ENERGY ,Utilities,2026-02-23,0.0925
AWK,"AMERICAN WATER WORKS COMPANY, INC.",Utilities,2026-02-23,0.0294
CEG,CONSTELLATION ENERGY,Utilities,2026-02-23,0.0467
CMS,CMS ENERGY ,Utilities,2026-02-23,0.0673
CNP,"CENTERPOINT ENERGY, INC.",Utilities,2026-02-23,0.0806
D,"DOMINION ENERGY, INC.",Utilities,2026-02-23,0.0675
DTE,DTE ENERGY COMPANY,Utilities,2026-02-23,0.0854
DUK,DUKE ENERGY ,Utilities,2026-02-23,0.0531
ED,"CONSOLIDATED EDISON, INC.",Utilities,2026-02-23,0.0517
EIX,EDISON INTERNATIONAL,Utilities,2026-02-23,0.1986
ES,EVERSOURCE ENERGY,Utilities,2026-02-23,0.083
ETR,ENTERGY ,Utilities,2026-02-23,0.0936
EVRG,"EVERGY, INC.",Utilities,2026-02-23,0.0701
EXC,EXELON ,Utilities,2026-02-23,0.0764
FE,FIRSTENERGY CORP.,Utilities,2026-02-23,0.0655
LNT,ALLIANT ENERGY ,Utilities,2026-02-23,0.091
NEE,"NEXTERA ENERGY, INC.",Utilities,2026-02-23,0.0701
NI,NISOURCE INC.,Utilities,2026-02-23,0.0431
NRG,"NRG ENERGY, INC.",Utilities,2026-02-23,0.1565
PCG,PG&E ,Utilities,2026-02-23,0.1984
PEG,PUBLIC SERVICE ENTERPRISE GROUP INC.,Utilities,2026-02-23,0.048
PNW,PINNACLE WEST CAPITAL ,Utilities,2026-02-23,0.0646
PPL,PPL ,Utilities,2026-02-23,0.0279
SO,THE SOUTHERN COMPANY,Utilities,2026-02-23,0.0657
SRE,SEMPRA,Utilities,2026-02-23,0.0757
VST,VISTRA CORP.,Utilities,2026-02-23,0.0597
WEC,"WEC ENERGY GROUP, INC.",Utilities,2026-02-23,0.0464
XEL,XCEL ENERGY INC.,Utilities,2026-02-23,0.0958
FVX,5 YR TSY YLD NDX,Yields,2026-02-23,-0.0604
TNX,10 Y TSY YLD NDX,Yields,2026-02-23,-0.0518
TYX,30 Y TSY YLD NDX,Yields,2026-02-23,-0.0369
ASC,ARDMORE SHIPPING ,,2026-02-23,0.1579
BTC=F,BITCOIN FUTURES,,2026-02-23,-0.2189
BTI,BRITISH AMERICAN TOBACCO P.L.C.,,2026-02-23,0.0234
BTU,PEABODY ENERGY ,,2026-02-23,-0.059
CALM,"CAL-MAINE FOODS, INC.",,2026-02-23,0.0072
CANE,TEUCRIUM:SUGAR,,2026-02-23,0.0108
CCJ,CAMECO ,,2026-02-23,-0.0376
CMBT,CMB.TECH NV,,2026-02-23,0.0867
CMRE,COSTAMARE INC.,,2026-02-23,-0.0006
CNR,"CORE NATURAL RESOURCES, INC.",,2026-02-23,-0.0875
COMT,ISHARES:GSCI COMM DYN RS,,2026-02-23,0.0106
CORN,TEUCRIUM:CORN,,2026-02-23,0.008
CPER,UNITED STATES COPPER IDX,,2026-02-23,-0.0206
CRESY,CRESUD INC.,,2026-02-23,-0.1369
DBA,INVESCO DB MS AGRI,,2026-02-23,0.0121
DBB,INVESCO DB MS BMTL,,2026-02-23,-0.0129
DBC,INVESCO DB CM IDX,,2026-02-23,0.0131
DHT,"DHT HOLDINGS, INC.",,2026-02-23,0.2233
DIA,SPDR DOW JONES INDUS AVG,,2026-02-23,-0.0021
DJI,DOW JONES INDUSTRIAL AVG INDEX,,2026-02-23,-0.0018
EC,ECOPETROL SA,,2026-02-23,0.008
ECH,ISHARES:MSCI CHILE,,2026-02-23,-0.0382
EDEN,ISHARES:MSCI DENMARK,,2026-02-23,-0.1022
EFNL,ISHARES:MSCI FINLAND,,2026-02-23,0.0413
EIDO,ISHARES:MSCI INDONESIA,,2026-02-23,0.0261
EIRL,ISHARES:MSCI IRELAND,,2026-02-23,-0.0301
EIS,ISHARES:MSCI ISRAEL,,2026-02-23,0.0286
ENZL,ISHARES:MSCI NEW ZLND,,2026-02-23,-0.0215
EPHE,ISHARES:MSCI PHILIPPINES,,2026-02-23,0.0601
EPOL,ISHARES:MSCI POLAND,,2026-02-23,0.0136
EPU,ISHARES:MSCI PERU,,2026-02-23,0.0469
ES=F,E-MINI S&P 500 FUTURES,,2026-02-23,-0.0171
EWA,ISHARES:MSCI AUSTRALIA,,2026-02-23,0.0613
EWC,ISHARES:MSCI CANADA,,2026-02-23,0.0496
EWD,ISHARES:MSCI SWEDEN,,2026-02-23,0.0233
EWG,ISHARES:MSCI GERMANY,,2026-02-23,0.0183
EWH,ISHARES:MSCI HONG KONG,,2026-02-23,0.0171
EWI,ISHARES:MSCI ITALY,,2026-02-23,0.019
EWJ,ISHARES:MSCI JAPAN,,2026-02-23,0.0661
EWK,ISHARES:MSCI BELGIUM,,2026-02-23,0.0414
EWL,ISHARES:MSCI SWITZERLAND,,2026-02-23,0.045
EWM,ISHARES:MSCI MALAYSIA,,2026-02-23,0.0284
EWN,ISHARES:MSCI NETHERLANDS,,2026-02-23,0.0109
EWO,ISHARES:MSCI AUSTRIA,,2026-02-23,0.0386
EWP,ISHARES:MSCI SPAIN,,2026-02-23,0.0176
EWQ,ISHARES:MSCI FRANCE,,2026-02-23,0.0472
EWS,ISHARES:MSCI SINGAPORE,,2026-02-23,0.0308
EWT,ISHARES:MSCI TAIWAN,,2026-02-23,0.0752
EWU,ISHARES:MSCI UK,,2026-02-23,0.0375
EWW,ISHARES:MSCI MEXICO,,2026-02-23,0.0588
EWY,ISHARES:MSCI S KOREA,,2026-02-23,0.138
EWZ,ISHARES:MSCI BRAZIL,,2026-02-23,0.0467
FRO,FRONTLINE PLC,,2026-02-23,0.2278
FTI,TECHNIPFMC PLC,,2026-02-23,0.1531
FXA,INVESCO:AU DOLLAR,,2026-02-23,0.0129
FXB,INVESCO:GBP STERLING,,2026-02-23,-0.0144
FXC,INVESCO:CANADIAN DOLLAR,,2026-02-23,-0.0056
FXE,INVESCO:EURO,,2026-02-23,-0.0059
FXY,INVESCO:JAPANESE YEN,,2026-02-23,-0.0002
GDX,VANECK:GOLD MINERS,,2026-02-23,0.1708
GDXJ,VANECK:JR GOLD MINERS,,2026-02-23,0.1817
GEOS,GEOSPACE TECHNOLOGIES ,,2026-02-23,-0.4017
GGB,GERDAU SA,,2026-02-23,-0.0258
GLATF,GLOBAL ATOMIC ,,2026-02-23,0.0517
GNK,GENCO SHIPPING & TRADING LIMITED,,2026-02-23,0.1306
GREK,GLBL X MSCI GREECE,,2026-02-23,-0.0367
HLX,"HELIX ENERGY SOLUTIONS GROUP, INC.",,2026-02-23,0.1423
HYD,VANECK:HIGH YIELD MUNI,,2026-02-23,0.0049
ICL,ICL GROUP LTD,,2026-02-23,-0.0131
INDA,ISHARES:MSCI INDIA,,2026-02-23,0.0168
IWD,ISHARES:RUSS 1000 VL ETF,,2026-02-23,0.0146
IWF,ISHARES:RUSS 1000 GR ETF,,2026-02-23,-0.0385
IWM,ISHARES:RUSS 2000 ETF,,2026-02-23,0.0032
JNK,SPDR BBG HIGH YIELD BD,,2026-02-23,-0.0033
MCHI,ISHARES:MSCI CHINA,,2026-02-23,-0.0263
MDY,SPDR S&P MIDCAP 400 ETF,,2026-02-23,0.0312
MP,MP MATERIALS CORP,,2026-02-23,-0.0522
MTUM,ISHARES:MSCI USA MOM FCT,,2026-02-23,-0.024
MUB,ISHARES:NATL MUNI BOND,,2026-02-23,0.0061
NDX,NASDAQ 100 INDEX,,2026-02-23,-0.033
NORW,GLBL X MSCI NORWAY ETF,,2026-02-23,0.0785
NOV,NOV INC.,,2026-02-23,0.1052
NQ=F,NASDAQ 100 FUTURES,,2026-02-23,-0.0414
OEF,ISHARES:S&P 100,,2026-02-23,-0.0266
PAM,PAMPA ENERGIA SA,,2026-02-23,-0.0763
PBR,BRAZILIAN PETROLEUM  - PETROBRAS,,2026-02-23,0.0522
PFF,ISHARES:PREF AND INC SEC,,2026-02-23,-0.006
POWA,INVESCO BLOOMBERG PRICING POWER,,2026-02-23,0.0021
PPLT,ABRDN:PHYSICAL PLATINUM,,2026-02-23,0.0119
QAT,ISHARES:MSCI QATAR,,2026-02-23,0.0107
QQQ,INVESCO QQQ TRUST 1,,2026-02-23,-0.0329
QUAL,ISHARES:MSCI USA QF,,2026-02-23,-0.0008
RIG,TRANSOCEAN LTD,,2026-02-23,0.2857
ROKU,"ROKU, INC.",,2026-02-23,-0.1132
RSP,INVESCO S&P500 EWGHT,,2026-02-23,0.019
RUT,RUSSELL 2000 INDEX,,2026-02-23,-0.0021
SBLK,STAR BULK CARRIERS CORP.,,2026-02-23,0.0998
SCHP,SCHWAB STR:US TIPS,,2026-02-23,0.0071
SD,"SANDRIDGE ENERGY, INC.",,2026-02-23,0.0738
SDY,SPDR S&P DIVIDEND,,2026-02-23,0.0406
SILJ,ETFMG PRIME JR SILVR MNR,,2026-02-23,0.1557
SLV,ISHARES:SILVER TRUST,,2026-02-23,0.068
SM,SM ENERGY COMPANY,,2026-02-23,0.1685
SMH,VANECK:SEMICONDUCTOR,,2026-02-23,0.0233
SOYB,TEUCRIUM:SOYBEAN,,2026-02-23,0.0553
SPHB,INVESCO S&P500 HI BE,,2026-02-23,-0.0032
SPLV,INVESCO S&P500 LOWVL,,2026-02-23,0.0329
SPX,S&P 500 INDEX,,2026-02-23,-0.0146
SPY,SPDR S&P 500 ETF,,2026-02-23,-0.0138
STLA,STELLANTIS NV,,2026-02-23,-0.23
STNG,SCORPIO TANKERS INC.,,2026-02-23,0.1286
TAGS,TEUCRIUM:AGRICULTURAL,,2026-02-23,0.0302
TDW,TIDEWATER INC.,,2026-02-23,0.2628
TECK,TECK RESOURCES LIMITED,,2026-02-23,0.0997
THD,ISHARES:MSCI THAI,,2026-02-23,0.1468
TS,TENARIS SA,,2026-02-23,0.2093
TUR,ISHARES:MSCI TURKEY,,2026-02-23,0.0124
URA,GLBL X URANIUM ETF,,2026-02-23,-0.0282
URNM,SPROTT URANIUM MINERS,,2026-02-23,-0.0309
UUP,INVESCO DB USD IDX BL,,2026-02-23,0.0089
VAL,VALARIS LIMITED,,2026-02-23,0.6196
VIX,CBOE MKT VOLATILITY IDX,,2026-02-23,0.2047
VNM,VANECK:VIETNAM,,2026-02-23,0.0084
VXN,CBOE NASDAQ MKT VOL NDX,,2026-02-23,0.2192
WEAT,TEUCRIUM:WHEAT,,2026-02-23,0.0448
XES,SPDR S&P OIL&GAS E&S,,2026-02-23,0.1296
XLB,SEL SECTOR:MATRLS SPDR,,2026-02-23,0.0749
XLC,SEL SECTOR:COMM SVC SPDR,,2026-02-23,-0.0393
XLE,SEL SECTOR:ENERGY SPDR,,2026-02-23,0.0803
XLF,SEL SECTOR:FINL S SPDR,,2026-02-23,-0.0507
XLI,SEL SECTOR:INDUST SPDR,,2026-02-23,0.0568
XLK,SEL SECTOR:TECH SPDR,,2026-02-23,-0.0373
XLP,SEL SECTOR:C STP SPDR,,2026-02-23,0.0654
XLRE,SEL SECTOR:RL EST SPDR,,2026-02-23,0.0526
XLU,SEL SECTOR:UTIL SPDR,,2026-02-23,0.0793
XLV,SEL SECTOR:H CARE SPDR,,2026-02-23,0.0246
XLY,SEL SECTOR:C DSC SPDR,,2026-02-23,-0.051
XOP,SPDR S&P OIL&GAS EXP,,2026-02-23,0.066
