Ticker,Ticker_name,Exposure,Date,wtd_pct_change
EDV,VANGUARD EXT DUR T;ETF,Bonds,2026-02-27,0.0205
HYG,ISHARES:IBOXX $HY CORP,Bonds,2026-02-27,-0.0035
IEF,ISHARES:7-10 TRS BD ETF,Bonds,2026-02-27,0.0093
LQD,ISHARES:IBOXX $IG CORP,Bonds,2026-02-27,0.0008
SHY,ISHARES:1-3 TRS BD ETF,Bonds,2026-02-27,0.0023
STIP,ISHARES:0-5 TIPS BD ETF,Bonds,2026-02-27,0.0035
TIP,ISHARES:TIPS BD ETF,Bonds,2026-02-27,0.0062
TLT,ISHARES:20+ TRS BD ETF,Bonds,2026-02-27,0.0158
CHTR,"CHARTER COMMUNICATIONS, INC.",Communication Services,2026-02-27,0.0194
CMCSA,COMCAST ,Communication Services,2026-02-27,-0.0121
DIS,THE WALT DISNEY COMPANY,Communication Services,2026-02-27,0.0044
EA,ELECTRONIC ARTS INC.,Communication Services,2026-02-27,0.0008
FOXA,FOX ,Communication Services,2026-02-27,-0.0119
GOOGL,ALPHABET INC.,Communication Services,2026-02-27,-0.0102
LYV,"LIVE NATION ENTERTAINMENT, INC.",Communication Services,2026-02-27,-0.0033
META,"META PLATFORMS, INC.",Communication Services,2026-02-27,-0.0114
MTCH,"MATCH GROUP, INC.",Communication Services,2026-02-27,-0.0072
NFLX,"NETFLIX, INC.",Communication Services,2026-02-27,0.2233
NWSA,NEWS CORP.,Communication Services,2026-02-27,0.0271
OMC,OMNICOM GROUP INC.,Communication Services,2026-02-27,0.0244
PSKY,PARAMOUNT SKYDANCE ,Communication Services,2026-02-27,0.2614
T,AT&T INC.,Communication Services,2026-02-27,0.0011
TKO,"TKO GROUP HOLDINGS, INC.",Communication Services,2026-02-27,0.0604
TMUS,"T-MOBILE US, INC.",Communication Services,2026-02-27,0.0076
TTD,"THE TRADE DESK, INC.",Communication Services,2026-02-27,-0.051
TTWO,"TAKE-TWO INTERACTIVE SOFTWARE, INC.",Communication Services,2026-02-27,0.0589
VZ,VERIZON COMMUNICATIONS INC.,Communication Services,2026-02-27,0.0181
WBD,"WARNER BROS. DISCOVERY, INC.",Communication Services,2026-02-27,-0.0202
ABNB,"AIRBNB, INC.",Consumer Discretionary,2026-02-27,0.0565
AMZN,"AMAZON.COM, INC.",Consumer Discretionary,2026-02-27,-0.0005
APTV,APTIV PLC,Consumer Discretionary,2026-02-27,-0.0758
AZO,"AUTOZONE, INC.",Consumer Discretionary,2026-02-27,0.0019
BBY,"BEST BUY CO., INC.",Consumer Discretionary,2026-02-27,-0.0389
BKNG,BOOKING HOLDINGS INC.,Consumer Discretionary,2026-02-27,0.0399
CCL,CARNIVAL CORP,Consumer Discretionary,2026-02-27,-0.0138
CMG,"CHIPOTLE MEXICAN GRILL, INC.",Consumer Discretionary,2026-02-27,-0.0085
CVNA,CARVANA CO.,Consumer Discretionary,2026-02-27,-0.0073
DASH,"DOORDASH, INC.",Consumer Discretionary,2026-02-27,0.001
DECK,DECKERS OUTDOOR ,Consumer Discretionary,2026-02-27,-0.012
DHI,"D.R. HORTON, INC.",Consumer Discretionary,2026-02-27,-0.0227
DPZ,"DOMINO'S PIZZA, INC.",Consumer Discretionary,2026-02-27,0.0465
DRI,"DARDEN RESTAURANTS, INC.",Consumer Discretionary,2026-02-27,-0.0157
EBAY,EBAY INC.,Consumer Discretionary,2026-02-27,0.0317
EXPE,"EXPEDIA GROUP, INC.",Consumer Discretionary,2026-02-27,0.06
F,FORD MOTOR COMPANY,Consumer Discretionary,2026-02-27,0.0057
GM,GENERAL MOTORS COMPANY,Consumer Discretionary,2026-02-27,-0.0344
GPC,GENUINE PARTS COMPANY,Consumer Discretionary,2026-02-27,0.0102
GRMN,GARMIN LTD,Consumer Discretionary,2026-02-27,0.0158
HAS,"HASBRO, INC.",Consumer Discretionary,2026-02-27,-0.0184
HD,"THE HOME DEPOT, INC.",Consumer Discretionary,2026-02-27,-0.004
HLT,HILTON WORLDWIDE HOLDINGS INC.,Consumer Discretionary,2026-02-27,-0.0132
LEN,LENNAR ,Consumer Discretionary,2026-02-27,-0.018
LOW,"LOWE'S COMPANIES, INC.",Consumer Discretionary,2026-02-27,-0.0563
LULU,LULULEMON ATHLETICA INC.,Consumer Discretionary,2026-02-27,-0.0114
LVS,LAS VEGAS SANDS CORP.,Consumer Discretionary,2026-02-27,-0.0222
MAR,"MARRIOTT INTERNATIONAL, INC.",Consumer Discretionary,2026-02-27,-0.0178
MCD,MCDONALD'S ,Consumer Discretionary,2026-02-27,0.0359
MGM,MGM RESORTS INTERNATIONAL,Consumer Discretionary,2026-02-27,0.0019
NCLH,NORWEGIAN CRUISE LINE HOLDINGS LTD.,Consumer Discretionary,2026-02-27,0.0197
NKE,"NIKE, INC.",Consumer Discretionary,2026-02-27,-0.0492
NVR,"NVR, INC.",Consumer Discretionary,2026-02-27,-0.0083
ORLY,"O'REILLY AUTOMOTIVE, INC.",Consumer Discretionary,2026-02-27,0.0041
PHM,"PULTEGROUP, INC.",Consumer Discretionary,2026-02-27,-0.0201
POOL,POOL ,Consumer Discretionary,2026-02-27,0.0251
RCL,ROYAL CARIBBEAN CRUISES LTD.,Consumer Discretionary,2026-02-27,-0.0131
RL,RALPH LAUREN ,Consumer Discretionary,2026-02-27,-0.0583
ROST,"ROSS STORES, INC.",Consumer Discretionary,2026-02-27,0.0208
SBUX,STARBUCKS ,Consumer Discretionary,2026-02-27,0.0054
TJX,"THE TJX COMPANIES, INC.",Consumer Discretionary,2026-02-27,0.0217
TPR,"TAPESTRY, INC.",Consumer Discretionary,2026-02-27,-0.0103
TSCO,TRACTOR SUPPLY COMPANY,Consumer Discretionary,2026-02-27,-0.0211
TSLA,"TESLA, INC.",Consumer Discretionary,2026-02-27,-0.0226
ULTA,"ULTA BEAUTY, INC.",Consumer Discretionary,2026-02-27,0.0028
WSM,"WILLIAMS-SONOMA, INC.",Consumer Discretionary,2026-02-27,-0.0429
WYNN,"WYNN RESORTS, LIMITED",Consumer Discretionary,2026-02-27,-0.0582
YUM,"YUM! BRANDS, INC.",Consumer Discretionary,2026-02-27,0.0296
ADM,ARCHER-DANIELS-MIDLAND COMPANY.,Consumer Staples,2026-02-27,0.0171
BF.B,BROWN-FORMAN ,Consumer Staples,2026-02-27,-0.0377
BG,BUNGE LIMITED,Consumer Staples,2026-02-27,-0.0107
CAG,"CONAGRA BRANDS, INC.",Consumer Staples,2026-02-27,0.0422
CHD,"CHURCH & DWIGHT CO., INC.",Consumer Staples,2026-02-27,0.0173
CL,COLGATE-PALMOLIVE COMPANY,Consumer Staples,2026-02-27,0.0426
CLX,THE CLOROX COMPANY,Consumer Staples,2026-02-27,0.0288
COST,COSTCO WHOLESALE ,Consumer Staples,2026-02-27,0.0259
CPB,CAMPBELL SOUP COMPANY,Consumer Staples,2026-02-27,0.0045
DG,DOLLAR GENERAL ,Consumer Staples,2026-02-27,0.0372
DLTR,"DOLLAR TREE, INC.",Consumer Staples,2026-02-27,-0.0597
EL,THE ESTEE LAUDER COMPANIES INC.,Consumer Staples,2026-02-27,-0.0417
GIS,"GENERAL MILLS, INC.",Consumer Staples,2026-02-27,0.0137
HRL,HORMEL FOODS ,Consumer Staples,2026-02-27,0.0244
HSY,THE HERSHEY COMPANY,Consumer Staples,2026-02-27,0.0654
KDP,KEURIG DR PEPPER INC.,Consumer Staples,2026-02-27,0.0251
KHC,THE KRAFT HEINZ COMPANY,Consumer Staples,2026-02-27,0.0086
KMB,KIMBERLY-CLARK ,Consumer Staples,2026-02-27,0.0222
KO,THE COCA-COLA COMPANY,Consumer Staples,2026-02-27,0.0215
KR,THE KROGER CO.,Consumer Staples,2026-02-27,0.0283
KVUE,KENVUE INC.,Consumer Staples,2026-02-27,0.0214
LW,"LAMB WESTON HOLDINGS, INC.",Consumer Staples,2026-02-27,-0.0017
MDLZ,"MONDELEZ INTERNATIONAL, INC.",Consumer Staples,2026-02-27,0.0473
MKC,"MCCORMICK & COMPANY, INC.",Consumer Staples,2026-02-27,0.0371
MNST,MONSTER BEVERAGE ,Consumer Staples,2026-02-27,0.0184
MO,"ALTRIA GROUP, INC.",Consumer Staples,2026-02-27,0.0218
PEP,"PEPSICO, INC.",Consumer Staples,2026-02-27,0.0291
PG,THE PROCTER & GAMBLE COMPANY,Consumer Staples,2026-02-27,0.0399
PM,PHILIP MORRIS INTERNATIONAL INC.,Consumer Staples,2026-02-27,0.0187
SJM,THE J. M. SMUCKER COMPANY,Consumer Staples,2026-02-27,0.0505
STZ,"CONSTELLATION BRANDS, INC.",Consumer Staples,2026-02-27,0.0093
SYY,SYSCO ,Consumer Staples,2026-02-27,0.0114
TAP,MOLSON COORS BEVERAGE COMPANY,Consumer Staples,2026-02-27,-0.0174
TGT,TARGET ,Consumer Staples,2026-02-27,-0.0249
TSN,"TYSON FOODS, INC.",Consumer Staples,2026-02-27,0.0177
WMT,WALMART INC.,Consumer Staples,2026-02-27,0.0403
APA,APA ,Energy,2026-02-27,0.0451
BKR,BAKER HUGHES COMPANY,Energy,2026-02-27,0.049
COP,CONOCOPHILLIPS,Energy,2026-02-27,0.0265
CTRA,COTERRA ENERGY INC.,Energy,2026-02-27,-0.0221
CVX,CHEVRON ,Energy,2026-02-27,0.0154
DVN,DEVON ENERGY ,Energy,2026-02-27,-0.0194
EOG,"EOG RESOURCES, INC.",Energy,2026-02-27,0.0081
EQT,EQT ,Energy,2026-02-27,0.0152
EXE,EXPAND ENERGY ,Energy,2026-02-27,-0.0013
FANG,"DIAMONDBACK ENERGY, INC.",Energy,2026-02-27,-0.011
HAL,HALLIBURTON COMPANY,Energy,2026-02-27,0.0253
KMI,"KINDER MORGAN, INC.",Energy,2026-02-27,0.0165
MPC,MARATHON PETROLEUM ,Energy,2026-02-27,0.0074
OKE,"ONEOK, INC.",Energy,2026-02-27,-0.0522
OXY,OCCIDENTAL PETROLEUM ,Energy,2026-02-27,0.0239
PSX,PHILLIPS 66,Energy,2026-02-27,-0.0091
SLB,SCHLUMBERGER N.V.,Energy,2026-02-27,0.0096
TPL,TEXAS PACIFIC LAND ,Energy,2026-02-27,0.0488
TRGP,TARGA RESOURCES CORP.,Energy,2026-02-27,0.0192
VLO,VALERO ENERGY ,Energy,2026-02-27,0.0193
WMB,"THE WILLIAMS COMPANIES, INC.",Energy,2026-02-27,0.0238
XOM,EXXON MOBIL ,Energy,2026-02-27,0.0354
UNG,UNITED STATES NAT GAS,Energy Complex,2026-02-27,-0.0408
USO,UNITED STATES OIL FUND,Energy Complex,2026-02-27,0.0136
ACGL,ARCH CAPITAL GROUP LTD.,Financials,2026-02-27,0.0169
AFL,AFLAC INC.,Financials,2026-02-27,-0.0096
AIG,"AMERICAN INTERNATIONAL GROUP, INC.",Financials,2026-02-27,0.0006
AIZ,"ASSURANT, INC.",Financials,2026-02-27,0.0235
AJG,ARTHUR J. GALLAGHER & CO.,Financials,2026-02-27,0.054
ALL,THE ALLSTATE ,Financials,2026-02-27,0.0395
AMP,"AMERIPRISE FINANCIAL, INC.",Financials,2026-02-27,-0.0033
AON,AON PLC,Financials,2026-02-27,0.032
APO,"APOLLO GLOBAL MANAGEMENT, INC.",Financials,2026-02-27,-0.1263
ARES,ARES MANAGEMENT CORP,Financials,2026-02-27,-0.0905
AXP,AMERICAN EXPRESS COMPANY,Financials,2026-02-27,-0.1077
BAC,BANK OF AMERICA ,Financials,2026-02-27,-0.0609
BEN,"FRANKLIN RESOURCES, INC.",Financials,2026-02-27,-0.0408
BK,THE BANK OF NEW YORK MELLON ,Financials,2026-02-27,0.0077
BLK,"BLACKROCK, INC.",Financials,2026-02-27,-0.0278
BRK.B,"BERKSHIRE HATHAWAY INC.,",Financials,2026-02-27,0.0135
BRO,"BROWN & BROWN, INC.",Financials,2026-02-27,0.032
BX,BLACKSTONE INC,Financials,2026-02-27,-0.0651
C,CITIGROUP INC.,Financials,2026-02-27,-0.0501
CB,CHUBB LTD,Financials,2026-02-27,0.0279
CBOE,"CBOE GLOBAL MARKETS, INC.",Financials,2026-02-27,0.0382
CFG,"CITIZENS FINANCIAL GROUP, INC.",Financials,2026-02-27,-0.0781
CINF,CINCINNATI FINANCIAL ,Financials,2026-02-27,0.006
CME,CME GROUP INC.,Financials,2026-02-27,0.037
COF,CAPITAL ONE FINANCIAL ,Financials,2026-02-27,-0.0613
COIN,"COINBASE GLOBAL, INC.",Financials,2026-02-27,0.0263
CPAY,"FLEETCOR TECHNOLOGIES, INC.",Financials,2026-02-27,-0.0783
EG,"EVEREST GROUP, LTD.",Financials,2026-02-27,-0.0204
ERIE,ERIE INDEMNITY COMPANY,Financials,2026-02-27,-0.0132
FDS,FACTSET RESEARCH SYSTEMS INC.,Financials,2026-02-27,0.1116
FIS,FIDELITY NATIONAL INFORMATION SERVICES,Financials,2026-02-27,0.0372
FISV,"FISERV, INC.",Financials,2026-02-27,0.0133
FITB,FIFTH THIRD BANCORP,Financials,2026-02-27,-0.0774
GL,GLOBE LIFE INC.,Financials,2026-02-27,0.006
GPN,GLOBAL PAYMENTS INC.,Financials,2026-02-27,-0.0729
GS,"THE GOLDMAN SACHS GROUP, INC.",Financials,2026-02-27,-0.068
HBAN,HUNTINGTON BANCSHARES INC.,Financials,2026-02-27,-0.0672
HIG,THE HARTFORD FINANCIAL SERVICES GROUP,Financials,2026-02-27,-0.0096
HOOD,"ROBINHOOD MARKETS, INC.",Financials,2026-02-27,-0.0034
IBKR,"INTERACTIVE BROKERS GROUP, INC.",Financials,2026-02-27,-0.0431
ICE,"INTERCONTINENTAL EXCHANGE, INC.",Financials,2026-02-27,0.0657
IVZ,INVESCO LTD.,Financials,2026-02-27,-0.0079
JKHY,"JACK HENRY & ASSOCIATES, INC.",Financials,2026-02-27,0.0205
JPM,JPMORGAN CHASE & CO.,Financials,2026-02-27,-0.0338
KEY,KEYCORP,Financials,2026-02-27,-0.0658
KKR,KKR & CO. INC.,Financials,2026-02-27,-0.1334
L,LOEWS ,Financials,2026-02-27,0.0023
MA,MASTERCARD INC..,Financials,2026-02-27,-0.0175
MCO,MOODY'S ,Financials,2026-02-27,0.0665
MET,"METLIFE, INC.",Financials,2026-02-27,-0.0889
MRSH,"MARSH & MCLENNAN COMPANIES, INC.",Financials,2026-02-27,0.0414
MS,MORGAN STANLEY,Financials,2026-02-27,-0.0507
MSCI,MSCI INC.,Financials,2026-02-27,0.0509
MTB,M&T BANK ,Financials,2026-02-27,-0.0668
NDAQ,"NASDAQ, INC.",Financials,2026-02-27,0.0697
NTRS,NORTHERN TRUST ,Financials,2026-02-27,-0.0115
PFG,"PRINCIPAL FINANCIAL GROUP, INC.",Financials,2026-02-27,-0.0036
PGR,THE PROGRESSIVE ,Financials,2026-02-27,0.0469
PNC,"THE PNC FINANCIAL SERVICES GROUP, INC.",Financials,2026-02-27,-0.0885
PRU,"PRUDENTIAL FINANCIAL, INC.",Financials,2026-02-27,-0.0489
PYPL,"PAYPAL HOLDINGS, INC.",Financials,2026-02-27,0.1095
RF,REGIONS FINANCIAL ,Financials,2026-02-27,-0.0742
RJF,"RAYMOND JAMES FINANCIAL, INC.",Financials,2026-02-27,-0.0327
SCHW,THE CHARLES SCHWAB ,Financials,2026-02-27,0.0124
SPGI,S&P GLOBAL INC.,Financials,2026-02-27,0.0584
STT,STATE STREET ,Financials,2026-02-27,0.0053
SYF,SYNCHRONY FINANCIAL,Financials,2026-02-27,-0.0581
TFC,TRUIST FINANCIAL ,Financials,2026-02-27,-0.0575
TROW,"T. ROWE PRICE GROUP, INC.",Financials,2026-02-27,-0.0079
TRV,"THE TRAVELERS COMPANIES, INC.",Financials,2026-02-27,0.0122
USB,U.S. BANCORP,Financials,2026-02-27,-0.0682
V,VISA INC.,Financials,2026-02-27,-0.0025
WFC,WELLS FARGO & COMPANY,Financials,2026-02-27,-0.0817
WRB,W. R. BERKLEY ,Financials,2026-02-27,0.0087
WTW,WILLIS TOWERS WATSON,Financials,2026-02-27,0.0111
XYZ,"BLOCK, INC.",Financials,2026-02-27,0.1969
GLD,SPDR GOLD,Gold,2026-02-27,0.0323
A,"AGILENT TECHNOLOGIES, INC.",Health Care,2026-02-27,-0.0124
ABBV,ABBVIE INC.,Health Care,2026-02-27,0.0323
ABT,ABBOTT LABORATORIES,Health Care,2026-02-27,0.0369
ALGN,"ALIGN TECHNOLOGY, INC.",Health Care,2026-02-27,0.0004
AMGN,AMGEN INC.,Health Care,2026-02-27,0.0358
BAX,BAXTER INTERNATIONAL INC.,Health Care,2026-02-27,-0.0561
BDX,"BECTON, DICKINSON AND COMPANY",Health Care,2026-02-27,-0.0481
BIIB,BIOGEN INC.,Health Care,2026-02-27,-0.0011
BMY,BRISTOL-MYERS SQUIBB COMPANY,Health Care,2026-02-27,0.0282
BSX,BOSTON SCIENTIFIC ,Health Care,2026-02-27,0.0304
CAH,"CARDINAL HEALTH, INC.",Health Care,2026-02-27,0.0213
CI,THE CIGNA GROUP,Health Care,2026-02-27,0.0339
CNC,CENTENE ,Health Care,2026-02-27,0.0379
COO,"THE COOPER COMPANIES, INC.",Health Care,2026-02-27,-0.0048
COR,"CENCORA, INC.",Health Care,2026-02-27,0.0306
CRL,CHARLES RIVER LABORATORIES,Health Care,2026-02-27,0.0567
CVS,CVS HEALTH ,Health Care,2026-02-27,0.0419
DGX,QUEST DIAGNOSTICS INC.,Health Care,2026-02-27,0.0469
DHR,DANAHER ,Health Care,2026-02-27,0.0054
DVA,DAVITA INC.,Health Care,2026-02-27,0.037
DXCM,"DEXCOM, INC.",Health Care,2026-02-27,0.0048
ELV,"ELEVANCE HEALTH, INC.",Health Care,2026-02-27,-0.0669
EW,EDWARDS LIFESCIENCES ,Health Care,2026-02-27,0.0839
GEHC,GE HEALTHCARE TECHNOLOGIES INC.,Health Care,2026-02-27,0.0005
GILD,"GILEAD SCIENCES, INC.",Health Care,2026-02-27,-0.0162
HCA,"HCA HEALTHCARE, INC.",Health Care,2026-02-27,-0.0049
HOLX,"HOLOGIC, INC.",Health Care,2026-02-27,-0.0009
HSIC,"HENRY SCHEIN, INC.",Health Care,2026-02-27,0.0354
HUM,HUMANA INC.,Health Care,2026-02-27,0.0037
IDXX,"IDEXX LABORATORIES, INC.",Health Care,2026-02-27,0.0331
INCY,INCYTE ,Health Care,2026-02-27,-0.0005
IQV,IQVIA HOLDINGS INC,Health Care,2026-02-27,0.0796
ISRG,"INTUITIVE SURGICAL, INC.",Health Care,2026-02-27,-0.0011
JNJ,JOHNSON & JOHNSON,Health Care,2026-02-27,0.0245
LH,LABORATORY  OF AMERICA HOLDINGS,Health Care,2026-02-27,0.0228
LLY,ELI LILLY AND COMPANY,Health Care,2026-02-27,0.0421
MCK,MCKESSON ,Health Care,2026-02-27,0.0421
MDT,MEDTRONIC PUBLIC LIMITED COMPANY,Health Care,2026-02-27,0.0083
MOH,"MOLINA HEALTHCARE, INC.",Health Care,2026-02-27,0.0202
MRK,"MERCK & CO., INC.",Health Care,2026-02-27,0.0128
MRNA,"MODERNA, INC.",Health Care,2026-02-27,0.0742
MTD,METTLER-TOLEDO INTERNATIONAL INC.,Health Care,2026-02-27,-0.0079
PFE,PFIZER INC.,Health Care,2026-02-27,0.0375
PODD,INSULET ,Health Care,2026-02-27,0.0195
REGN,"REGENERON PHARMACEUTICALS, INC.",Health Care,2026-02-27,0.0026
RMD,RESMED INC.,Health Care,2026-02-27,-0.011
RVTY,"REVVITY, INC.",Health Care,2026-02-27,-0.0201
SOLV,SOLVENTUM ,Health Care,2026-02-27,0.0173
STE,STERIS PUBLIC LIMITED COMPANY,Health Care,2026-02-27,0.0068
SYK,STRYKER ,Health Care,2026-02-27,0.019
TECH,BIO-TECHNE ,Health Care,2026-02-27,0.0257
TMO,THERMO FISHER SCIENTIFIC INC.,Health Care,2026-02-27,0.0199
UHS,"UNIVERSAL HEALTH SERVICES, INC.",Health Care,2026-02-27,-0.1058
UNH,UNITEDHEALTH GROUP INC.,Health Care,2026-02-27,0.0113
VRTX,VERTEX PHARMACEUTICALS INC.,Health Care,2026-02-27,0.0418
VTRS,VIATRIS INC.,Health Care,2026-02-27,-0.0622
WAT,WATERS ,Health Care,2026-02-27,-0.0419
WST,"WEST PHARMACEUTICAL SERVICES, INC.",Health Care,2026-02-27,0.0548
ZBH,"ZIMMER BIOMET HOLDINGS, INC.",Health Care,2026-02-27,-0.0031
ZTS,ZOETIS INC.,Health Care,2026-02-27,0.018
ADP,"AUTOMATIC DATA PROCESSING, INC.",Industrials,2026-02-27,-0.0005
ALLE,ALLEGION PUBLIC LIMITED COMPANY,Industrials,2026-02-27,-0.0061
AME,"AMETEK, INC.",Industrials,2026-02-27,0.0245
AOS,A. O. SMITH ,Industrials,2026-02-27,0.0024
AXON,"AXON ENTERPRISE, INC.",Industrials,2026-02-27,0.25
BA,THE BOEING COMPANY,Industrials,2026-02-27,-0.0194
BLDR,"BUILDERS FIRSTSOURCE, INC.",Industrials,2026-02-27,-0.0566
BR,"BROADRIDGE FINANCIAL SOLUTIONS, INC.",Industrials,2026-02-27,0.05
CARR,CARRIER GLOBAL ,Industrials,2026-02-27,0.0041
CAT,CATERPILLAR INC.,Industrials,2026-02-27,-0.0223
CHRW,"C.H. ROBINSON WORLDWIDE, INC.",Industrials,2026-02-27,-0.0253
CMI,CUMMINS INC.,Industrials,2026-02-27,-0.0159
CPRT,"COPART, INC.",Industrials,2026-02-27,0.0441
CSX,CSX ,Industrials,2026-02-27,0.009
CTAS,CINTAS ,Industrials,2026-02-27,0.0055
DAL,"DELTA AIR LINES, INC.",Industrials,2026-02-27,-0.0539
DE,DEERE & COMPANY,Industrials,2026-02-27,-0.0495
DOV,DOVER ,Industrials,2026-02-27,-0.0335
EFX,EQUIFAX INC.,Industrials,2026-02-27,0.0582
EME,"EMCOR GROUP, INC.",Industrials,2026-02-27,-0.1085
EMR,EMERSON ELECTRIC CO.,Industrials,2026-02-27,0.0143
ETN,EATON  PUBLIC LIMITED COMPANY,Industrials,2026-02-27,0.0068
EXPD,EXPEDITORS INTERNATIONAL OF WASHINGTON,Industrials,2026-02-27,-0.0721
FAST,FASTENAL COMPANY,Industrials,2026-02-27,-0.0039
FDX,FEDEX ,Industrials,2026-02-27,-0.0038
FIX,"COMFORT SYSTEMS USA, INC.",Industrials,2026-02-27,-0.0225
FTV,FORTIVE ,Industrials,2026-02-27,0.0158
GD,GENERAL DYNAMICS ,Industrials,2026-02-27,0.016
GE,GENERAL ELECTRIC COMPANY,Industrials,2026-02-27,-0.0028
GEV,GE VERNOVA INC.,Industrials,2026-02-27,0.0521
GNRC,GENERAC HOLDINGS INC.,Industrials,2026-02-27,-0.0167
GWW,"W.W. GRAINGER, INC.",Industrials,2026-02-27,0.0157
HII,"HUNTINGTON INGALLS INDUSTRIES, INC.",Industrials,2026-02-27,0.0159
HON,HONEYWELL INTERNATIONAL INC.,Industrials,2026-02-27,-0.0016
HUBB,HUBBELL INC.,Industrials,2026-02-27,-0.0287
HWM,HOWMET AEROSPACE INC.,Industrials,2026-02-27,0.0172
IEX,IDEX ,Industrials,2026-02-27,0.0096
IR,INGERSOLL RAND INC.,Industrials,2026-02-27,-0.0153
ITW,ILLINOIS TOOL WORKS INC.,Industrials,2026-02-27,-0.0147
J,JACOBS SOLUTIONS INC.,Industrials,2026-02-27,-0.0005
JBHT,"J. B. HUNT TRANSPORT SERVICES, INC.",Industrials,2026-02-27,0.0141
JCI,JOHNSON CONTROLS INTERNATIONAL PLC,Industrials,2026-02-27,0.0035
LDOS,"LEIDOS HOLDINGS, INC.",Industrials,2026-02-27,0.0092
LHX,"L3HARRIS TECHNOLOGIES, INC.",Industrials,2026-02-27,0.0236
LII,LENNOX INTERNATIONAL INC.,Industrials,2026-02-27,0.0159
LMT,LOCKHEED MARTIN ,Industrials,2026-02-27,-0.0003
LUV,SOUTHWEST AIRLINES CO.,Industrials,2026-02-27,-0.0543
MAS,MASCO ,Industrials,2026-02-27,-0.047
MMM,3M COMPANY,Industrials,2026-02-27,-0.0104
NDSN,NORDSON ,Industrials,2026-02-27,0.0113
NOC,NORTHROP GRUMMAN ,Industrials,2026-02-27,0.0011
NSC,NORFOLK SOUTHERN ,Industrials,2026-02-27,-0.0047
ODFL,"OLD DOMINION FREIGHT LINE, INC.",Industrials,2026-02-27,0.0082
OTIS,OTIS WORLDWIDE ,Industrials,2026-02-27,-0.0012
PAYC,"PAYCOM SOFTWARE, INC.",Industrials,2026-02-27,0.0969
PAYX,"PAYCHEX, INC.",Industrials,2026-02-27,0.0264
PCAR,PACCAR INC,Industrials,2026-02-27,-0.0184
PH,PARKER-HANNIFIN ,Industrials,2026-02-27,-0.0128
PNR,PENTAIR PUBLIC LIMITED COMPANY,Industrials,2026-02-27,-0.0278
PWR,"QUANTA SERVICES, INC.",Industrials,2026-02-27,0.0189
ROK,"ROCKWELL AUTOMATION, INC.",Industrials,2026-02-27,0.0217
ROL,"ROLLINS, INC.",Industrials,2026-02-27,-0.0075
RSG,"REPUBLIC SERVICES, INC.",Industrials,2026-02-27,0.0433
RTX,RTX ,Industrials,2026-02-27,-0.0112
SNA,SNAP-ON INC.,Industrials,2026-02-27,-0.0017
SWK,"STANLEY BLACK & DECKER, INC.",Industrials,2026-02-27,-0.0595
TDG,TRANSDIGM GROUP INC.,Industrials,2026-02-27,-0.027
TT,TRANE TECHNOLOGIES PLC,Industrials,2026-02-27,-0.0103
TXT,TEXTRON INC.,Industrials,2026-02-27,-0.021
UAL,"UNITED AIRLINES HOLDINGS, INC.",Industrials,2026-02-27,-0.0595
UBER,"UBER TECHNOLOGIES, INC.",Industrials,2026-02-27,0.0211
UNP,UNION PACIFIC ,Industrials,2026-02-27,-0.0042
UPS,"UNITED PARCEL SERVICE, INC.",Industrials,2026-02-27,-0.0066
URI,"UNITED RENTALS, INC.",Industrials,2026-02-27,-0.076
VLTO,VERALTO ,Industrials,2026-02-27,0.0467
VRSK,"VERISK ANALYTICS, INC.",Industrials,2026-02-27,0.1374
WAB,WESTINGHOUSE AIR BRAKE TECHNOLOGIES ,Industrials,2026-02-27,-0.0031
WM,"WASTE MANAGEMENT, INC.",Industrials,2026-02-27,0.0457
XYL,XYLEM INC.,Industrials,2026-02-27,0.0069
AAPL,APPLE INC.,Information Technology,2026-02-27,-0.0015
ACN,ACCENTURE PUBLIC LIMITED COMPANY,Information Technology,2026-02-27,-0.0308
ADBE,ADOBE INC.,Information Technology,2026-02-27,0.0147
ADI,"ANALOG DEVICES, INC.",Information Technology,2026-02-27,0.0021
ADSK,"AUTODESK, INC.",Information Technology,2026-02-27,0.0832
AKAM,"AKAMAI TECHNOLOGIES, INC.",Information Technology,2026-02-27,0.0448
AMAT,"APPLIED MATERIALS, INC.",Information Technology,2026-02-27,-0.0082
AMD,"ADVANCED MICRO DEVICES, INC.",Information Technology,2026-02-27,0.0003
ANET,"ARISTA NETWORKS, INC.",Information Technology,2026-02-27,0.0053
APH,AMPHENOL ,Information Technology,2026-02-27,-0.033
APP,APPLOVIN CORP,Information Technology,2026-02-27,0.0384
AVGO,BROADCOM INC.,Information Technology,2026-02-27,-0.0394
CDNS,"CADENCE DESIGN SYSTEMS, INC.",Information Technology,2026-02-27,0.0173
CDW,CDW ,Information Technology,2026-02-27,-0.016
CIEN,CIENA CORPORATION,Information Technology,2026-02-27,0.0411
CRM,"SALESFORCE, INC.",Information Technology,2026-02-27,0.052
CRWD,"CROWDSTRIKE HOLDINGS, INC.",Information Technology,2026-02-27,-0.0428
CSCO,"CISCO SYSTEMS, INC.",Information Technology,2026-02-27,0.0033
CTSH,COGNIZANT TECHNOLOGY SOLUTIONS ,Information Technology,2026-02-27,-0.0092
DDOG,"DATADOG, INC.",Information Technology,2026-02-27,-0.032
DELL,DELL TECHNOLOGIES INC.,Information Technology,2026-02-27,0.2111
EPAM,"EPAM SYSTEMS, INC.",Information Technology,2026-02-27,0.0155
FFIV,"F5, INC.",Information Technology,2026-02-27,-0.0253
FICO,FAIR ISAAC ,Information Technology,2026-02-27,0.0436
FSLR,"FIRST SOLAR, INC.",Information Technology,2026-02-27,-0.1847
FTNT,"FORTINET, INC.",Information Technology,2026-02-27,-0.0121
GDDY,GODADDY INC.,Information Technology,2026-02-27,-0.0384
GEN,GEN DIGITAL INC.,Information Technology,2026-02-27,0.0098
GLW,CORNING INC.,Information Technology,2026-02-27,0.0779
HPE,HEWLETT PACKARD ENTERPRISE COMPANY,Information Technology,2026-02-27,0.0047
HPQ,HP INC.,Information Technology,2026-02-27,0.0215
IBM,INTERNATIONAL BUSINESS MACHINES ,Information Technology,2026-02-27,-0.0659
INTC,INTEL ,Information Technology,2026-02-27,0.034
INTU,INTUIT INC.,Information Technology,2026-02-27,0.0748
IT,"GARTNER, INC.",Information Technology,2026-02-27,0.0226
JBL,JABIL INC.,Information Technology,2026-02-27,-0.0225
KEYS,"KEYSIGHT TECHNOLOGIES, INC.",Information Technology,2026-02-27,0.2619
KLAC,KLA ,Information Technology,2026-02-27,0.0191
LRCX,LAM RESEARCH ,Information Technology,2026-02-27,-0.045
MCHP,MICROCHIP TECHNOLOGY INC.,Information Technology,2026-02-27,-0.0398
MPWR,"MONOLITHIC POWER SYSTEMS, INC.",Information Technology,2026-02-27,-0.051
MSFT,MICROSOFT ,Information Technology,2026-02-27,-0.0113
MSI,"MOTOROLA SOLUTIONS, INC.",Information Technology,2026-02-27,0.0421
MU,"MICRON TECHNOLOGY, INC.",Information Technology,2026-02-27,-0.0369
NOW,"SERVICENOW, INC.",Information Technology,2026-02-27,0.0359
NTAP,"NETAPP, INC.",Information Technology,2026-02-27,-0.0337
NVDA,NVIDIA ,Information Technology,2026-02-27,-0.0665
NXPI,NXP SEMICONDUCTORS NV,Information Technology,2026-02-27,-0.0226
ON,ON SEMICONDUCTOR ,Information Technology,2026-02-27,-0.0381
ORCL,ORACLE ,Information Technology,2026-02-27,-0.0181
PANW,"PALO ALTO NETWORKS, INC.",Information Technology,2026-02-27,0.0015
PLTR,PALANTIR TECHNOLOGIES INC.,Information Technology,2026-02-27,0.0144
PTC,PTC INC.,Information Technology,2026-02-27,0.0092
Q,"QNITY ELECTRONICS, INC.",Information Technology,2026-02-27,0.1172
QCOM,QUALCOMM INC.,Information Technology,2026-02-27,-0.0036
ROP,"ROPER TECHNOLOGIES, INC.",Information Technology,2026-02-27,0.0415
SMCI,"SUPER MICRO COMPUTER, INC.",Information Technology,2026-02-27,-0.0009
SNDK,SANDISK CORPORATION,Information Technology,2026-02-27,-0.0225
SNPS,"SYNOPSYS, INC.",Information Technology,2026-02-27,-0.059
STX,SEAGATE TECHNOLOGY HOLDINGS,Information Technology,2026-02-27,-0.008
SWKS,"SKYWORKS SOLUTIONS, INC.",Information Technology,2026-02-27,-0.0078
TDY,TELEDYNE TECHNOLOGIES INC.,Information Technology,2026-02-27,0.0185
TEL,TE CONNECTIVITY LTD,Information Technology,2026-02-27,-0.0195
TER,"TERADYNE, INC.",Information Technology,2026-02-27,-0.0148
TRMB,TRIMBLE INC.,Information Technology,2026-02-27,-0.0111
TXN,TEXAS INSTRUMENTS INC.,Information Technology,2026-02-27,-0.0347
TYL,"TYLER TECHNOLOGIES, INC.",Information Technology,2026-02-27,0.1189
VRSN,"VERISIGN, INC.",Information Technology,2026-02-27,0.0557
WDAY,"WORKDAY, INC.",Information Technology,2026-02-27,-0.0294
WDC,WESTERN DIGITAL ,Information Technology,2026-02-27,-0.0204
ZBRA,ZEBRA TECHNOLOGIES ,Information Technology,2026-02-27,-0.1231
ALB,ALBEMARLE ,Materials,2026-02-27,0.0609
AMCR,AMCOR PLC,Materials,2026-02-27,-0.0408
APD,"AIR PRODUCTS AND CHEMICALS, INC.",Materials,2026-02-27,-0.0196
AVY,AVERY DENNISON ,Materials,2026-02-27,-0.0029
BALL,BALL ,Materials,2026-02-27,0.009
CF,"CF INDUSTRIES HOLDINGS, INC.",Materials,2026-02-27,0.0243
CRH,CRH PUBLIC LIMITED COMPANY,Materials,2026-02-27,-0.0327
CTVA,"CORTEVA, INC.",Materials,2026-02-27,0.0499
DD,"DUPONT DE NEMOURS, INC.",Materials,2026-02-27,-0.0073
DOW,DOW INC.,Materials,2026-02-27,0.0069
ECL,ECOLAB INC.,Materials,2026-02-27,0.0138
FCX,FREEPORT-MCMORAN INC.,Materials,2026-02-27,0.0581
IFF,INTERNATIONAL FLAVORS & FRAGRANCES INC.,Materials,2026-02-27,0.0103
IP,INTERNATIONAL PAPER COMPANY,Materials,2026-02-27,-0.0708
LIN,LINDE PUBLIC LIMITED COMPANY,Materials,2026-02-27,0.0233
LYB,LYONDELLBASELL INDUSTRIES NV,Materials,2026-02-27,0.015
MLM,"MARTIN MARIETTA MATERIALS, INC.",Materials,2026-02-27,-0.0137
MOS,THE MOSAIC COMPANY,Materials,2026-02-27,-0.054
NEM,NEWMONT ,Materials,2026-02-27,0.0644
NUE,NUCOR ,Materials,2026-02-27,-0.0174
PKG,PACKAGING  OF AMERICA,Materials,2026-02-27,-0.0214
PPG,"PPG INDUSTRIES, INC.",Materials,2026-02-27,-0.0258
SHW,THE SHERWIN-WILLIAMS COMPANY,Materials,2026-02-27,0.0054
STLD,"STEEL DYNAMICS, INC.",Materials,2026-02-27,-0.0013
SW,SMURFIT WESTROCK PUBLIC LIMITED COMPANY,Materials,2026-02-27,-0.0355
VMC,VULCAN MATERIALS COMPANY,Materials,2026-02-27,0.0154
AMT,AMERICAN TOWER ,Real Estate,2026-02-27,0.0243
ARE,"ALEXANDRIA REAL ESTATE EQUITIES, INC.",Real Estate,2026-02-27,0.0073
AVB,"AVALONBAY COMMUNITIES, INC.",Real Estate,2026-02-27,-0.001
BXP,"BOSTON PROPERTIES, INC.",Real Estate,2026-02-27,-0.0542
CBRE,"CBRE GROUP, INC.",Real Estate,2026-02-27,0.0044
CCI,CROWN CASTLE INC.,Real Estate,2026-02-27,0.0174
CPT,CAMDEN PROPERTY TRUST,Real Estate,2026-02-27,0.0106
CSGP,"COSTAR GROUP, INC.",Real Estate,2026-02-27,-0.1051
DLR,"DIGITAL REALTY TRUST, INC.",Real Estate,2026-02-27,0.0087
DOC,"HEALTHDOC PROPERTIES, INC.",Real Estate,2026-02-27,0.0406
EQIX,"EQUINIX, INC.",Real Estate,2026-02-27,0.0497
EQR,EQUITY RESIDENTIAL,Real Estate,2026-02-27,0.0097
ESS,"ESSEX PROPERTY TRUST, INC.",Real Estate,2026-02-27,0.0023
EXR,EXTRA SPACE STORAGE INC.,Real Estate,2026-02-27,-0.0113
FRT,FEDERAL REALTY INVESTMENT TRUST,Real Estate,2026-02-27,0.0123
HST,"HOST HOTELS & RESORTS, INC.",Real Estate,2026-02-27,-0.0397
INVH,INVITATION HOMES INC.,Real Estate,2026-02-27,0.0411
IRM,IRON MOUNTAIN INC.,Real Estate,2026-02-27,-0.0178
KIM,KIMCO REALTY .,Real Estate,2026-02-27,0.0164
MAA,"MID-AMERICA APARTMENT COMMUNITIES, INC.",Real Estate,2026-02-27,0.0029
O,REALTY INCOME ,Real Estate,2026-02-27,0.013
PLD,"PROLOGIS, INC.",Real Estate,2026-02-27,0.0075
PSA,PUBLIC STORAGE.,Real Estate,2026-02-27,0.0068
REG,REGENCY CENTERS ,Real Estate,2026-02-27,0.028
SBAC,SBA COMMUNICATIONS ,Real Estate,2026-02-27,0.0081
SPG,"SIMON PROPERTY GROUP, INC.",Real Estate,2026-02-27,0.0107
UDR,"UDR, INC.",Real Estate,2026-02-27,0.0089
VICI,VICI PROPERTIES INC.,Real Estate,2026-02-27,0.004
VTR,"VENTAS, INC.",Real Estate,2026-02-27,0.0026
WELL,WELLTOWER INC.,Real Estate,2026-02-27,-0.0051
WY,WEYERHAEUSER COMPANY,Real Estate,2026-02-27,-0.0297
DXY,US DOLLAR INDEX,USD,2026-02-27,-0.0014
AEE,AMEREN ,Utilities,2026-02-27,0.0294
AEP,"AMERICAN ELECTRIC POWER COMPANY, INC.",Utilities,2026-02-27,0.0344
AES,THE AES ,Utilities,2026-02-27,0.0466
ATO,ATMOS ENERGY ,Utilities,2026-02-27,0.0322
AWK,"AMERICAN WATER WORKS COMPANY, INC.",Utilities,2026-02-27,0.0515
CEG,CONSTELLATION ENERGY,Utilities,2026-02-27,0.1188
CMS,CMS ENERGY ,Utilities,2026-02-27,0.0291
CNP,"CENTERPOINT ENERGY, INC.",Utilities,2026-02-27,0.0116
D,"DOMINION ENERGY, INC.",Utilities,2026-02-27,-0.0428
DTE,DTE ENERGY COMPANY,Utilities,2026-02-27,0.0223
DUK,DUKE ENERGY ,Utilities,2026-02-27,0.0321
ED,"CONSOLIDATED EDISON, INC.",Utilities,2026-02-27,0.0247
EIX,EDISON INTERNATIONAL,Utilities,2026-02-27,0.0136
ES,EVERSOURCE ENERGY,Utilities,2026-02-27,0.036
ETR,ENTERGY ,Utilities,2026-02-27,0.0297
EVRG,"EVERGY, INC.",Utilities,2026-02-27,0.0424
EXC,EXELON ,Utilities,2026-02-27,0.0352
FE,FIRSTENERGY CORP.,Utilities,2026-02-27,0.0191
LNT,ALLIANT ENERGY ,Utilities,2026-02-27,0.0187
NEE,"NEXTERA ENERGY, INC.",Utilities,2026-02-27,0.0172
NI,NISOURCE INC.,Utilities,2026-02-27,0.0201
NRG,"NRG ENERGY, INC.",Utilities,2026-02-27,-0.0012
PCG,PG&E ,Utilities,2026-02-27,0.0349
PEG,PUBLIC SERVICE ENTERPRISE GROUP INC.,Utilities,2026-02-27,0.0058
PNW,PINNACLE WEST CAPITAL ,Utilities,2026-02-27,0.0199
PPL,PPL ,Utilities,2026-02-27,0.0411
SO,THE SOUTHERN COMPANY,Utilities,2026-02-27,0.0327
SRE,SEMPRA,Utilities,2026-02-27,0.0291
VST,VISTRA CORP.,Utilities,2026-02-27,0.0145
WEC,"WEC ENERGY GROUP, INC.",Utilities,2026-02-27,0.0229
XEL,XCEL ENERGY INC.,Utilities,2026-02-27,0.0222
FVX,5 YR TSY YLD NDX,Yields,2026-02-27,-0.0384
TNX,10 Y TSY YLD NDX,Yields,2026-02-27,-0.0318
TYX,30 Y TSY YLD NDX,Yields,2026-02-27,-0.0211
ASC,ARDMORE SHIPPING ,,2026-02-27,0.0826
BTC=F,BITCOIN FUTURES,,2026-02-27,-0.0319
BTI,BRITISH AMERICAN TOBACCO P.L.C.,,2026-02-27,0.0092
BTU,PEABODY ENERGY ,,2026-02-27,-0.0593
CALM,"CAL-MAINE FOODS, INC.",,2026-02-27,0.0394
CANE,TEUCRIUM:SUGAR,,2026-02-27,0.0065
CCJ,CAMECO ,,2026-02-27,-0.0243
CMBT,CMB.TECH NV,,2026-02-27,0.0594
CMRE,COSTAMARE INC.,,2026-02-27,0.0221
CNR,"CORE NATURAL RESOURCES, INC.",,2026-02-27,-0.0666
COMT,ISHARES:GSCI COMM DYN RS,,2026-02-27,0.0178
CORN,TEUCRIUM:CORN,,2026-02-27,0.0153
CPER,UNITED STATES COPPER IDX,,2026-02-27,0.0196
CRESY,CRESUD INC.,,2026-02-27,-0.0548
DBA,INVESCO DB MS AGRI,,2026-02-27,-0.0004
DBB,INVESCO DB MS BMTL,,2026-02-27,0.0151
DBC,INVESCO DB CM IDX,,2026-02-27,0.0203
DHT,"DHT HOLDINGS, INC.",,2026-02-27,0.1169
DIA,SPDR DOW JONES INDUS AVG,,2026-02-27,-0.0129
DJI,DOW JONES INDUSTRIAL AVG INDEX,,2026-02-27,-0.0131
EC,ECOPETROL SA,,2026-02-27,-0.0488
ECH,ISHARES:MSCI CHILE,,2026-02-27,-0.0018
EDEN,ISHARES:MSCI DENMARK,,2026-02-27,-0.0552
EFNL,ISHARES:MSCI FINLAND,,2026-02-27,-0.0049
EIDO,ISHARES:MSCI INDONESIA,,2026-02-27,-0.0133
EIRL,ISHARES:MSCI IRELAND,,2026-02-27,0.021
EIS,ISHARES:MSCI ISRAEL,,2026-02-27,-0.0325
ENZL,ISHARES:MSCI NEW ZLND,,2026-02-27,0.0358
EPHE,ISHARES:MSCI PHILIPPINES,,2026-02-27,0.0276
EPOL,ISHARES:MSCI POLAND,,2026-02-27,0.0085
EPU,ISHARES:MSCI PERU,,2026-02-27,0.0466
ES=F,E-MINI S&P 500 FUTURES,,2026-02-27,-0.0071
EWA,ISHARES:MSCI AUSTRALIA,,2026-02-27,0.0131
EWC,ISHARES:MSCI CANADA,,2026-02-27,0.0143
EWD,ISHARES:MSCI SWEDEN,,2026-02-27,0.0133
EWG,ISHARES:MSCI GERMANY,,2026-02-27,0.0005
EWH,ISHARES:MSCI HONG KONG,,2026-02-27,0.0189
EWI,ISHARES:MSCI ITALY,,2026-02-27,0.0092
EWJ,ISHARES:MSCI JAPAN,,2026-02-27,0.0098
EWK,ISHARES:MSCI BELGIUM,,2026-02-27,-0.0296
EWL,ISHARES:MSCI SWITZERLAND,,2026-02-27,0.0109
EWM,ISHARES:MSCI MALAYSIA,,2026-02-27,-0.0302
EWN,ISHARES:MSCI NETHERLANDS,,2026-02-27,-0.006
EWO,ISHARES:MSCI AUSTRIA,,2026-02-27,-0.0287
EWP,ISHARES:MSCI SPAIN,,2026-02-27,0.0039
EWQ,ISHARES:MSCI FRANCE,,2026-02-27,0.004
EWS,ISHARES:MSCI SINGAPORE,,2026-02-27,-0.0224
EWT,ISHARES:MSCI TAIWAN,,2026-02-27,0.0173
EWU,ISHARES:MSCI UK,,2026-02-27,0.0133
EWW,ISHARES:MSCI MEXICO,,2026-02-27,-0.0036
EWY,ISHARES:MSCI S KOREA,,2026-02-27,0.0669
EWZ,ISHARES:MSCI BRAZIL,,2026-02-27,-0.0163
FRO,FRONTLINE PLC,,2026-02-27,0.093
FTI,TECHNIPFMC PLC,,2026-02-27,0.0444
FXA,INVESCO:AU DOLLAR,,2026-02-27,0.0054
FXB,INVESCO:GBP STERLING,,2026-02-27,0.0011
FXC,INVESCO:CANADIAN DOLLAR,,2026-02-27,0.002
FXE,INVESCO:EURO,,2026-02-27,0.0028
FXY,INVESCO:JAPANESE YEN,,2026-02-27,-0.0076
GDX,VANECK:GOLD MINERS,,2026-02-27,0.0902
GDXJ,VANECK:JR GOLD MINERS,,2026-02-27,0.0999
GEOS,GEOSPACE TECHNOLOGIES ,,2026-02-27,-0.0161
GGB,GERDAU SA,,2026-02-27,-0.0312
GLATF,GLOBAL ATOMIC ,,2026-02-27,0.0862
GNK,GENCO SHIPPING & TRADING LIMITED,,2026-02-27,0.0038
GREK,GLBL X MSCI GREECE,,2026-02-27,-0.0031
HLX,"HELIX ENERGY SOLUTIONS GROUP, INC.",,2026-02-27,0.028
HYD,VANECK:HIGH YIELD MUNI,,2026-02-27,0.006
ICL,ICL GROUP LTD,,2026-02-27,-0.116
INDA,ISHARES:MSCI INDIA,,2026-02-27,-0.0215
IWD,ISHARES:RUSS 1000 VL ETF,,2026-02-27,0.0011
IWF,ISHARES:RUSS 1000 GR ETF,,2026-02-27,-0.0081
IWM,ISHARES:RUSS 2000 ETF,,2026-02-27,-0.0121
JNK,SPDR BBG HIGH YIELD BD,,2026-02-27,-0.0038
MCHI,ISHARES:MSCI CHINA,,2026-02-27,-0.032
MDY,SPDR S&P MIDCAP 400 ETF,,2026-02-27,-0.0088
MP,MP MATERIALS CORP,,2026-02-27,0.0638
MTUM,ISHARES:MSCI USA MOM FCT,,2026-02-27,-0.0071
MUB,ISHARES:NATL MUNI BOND,,2026-02-27,0.0035
NDX,NASDAQ 100 INDEX,,2026-02-27,-0.0021
NORW,GLBL X MSCI NORWAY ETF,,2026-02-27,0.0073
NOV,NOV INC.,,2026-02-27,-0.0064
NQ=F,NASDAQ 100 FUTURES,,2026-02-27,-0.005
OEF,ISHARES:S&P 100,,2026-02-27,-0.0087
PAM,PAMPA ENERGIA SA,,2026-02-27,-0.0633
PBR,BRAZILIAN PETROLEUM  - PETROBRAS,,2026-02-27,0.0532
PFF,ISHARES:PREF AND INC SEC,,2026-02-27,-0.0091
POWA,INVESCO BLOOMBERG PRICING POWER,,2026-02-27,0.0011
PPLT,ABRDN:PHYSICAL PLATINUM,,2026-02-27,0.0928
QAT,ISHARES:MSCI QATAR,,2026-02-27,-0.0196
QQQ,INVESCO QQQ TRUST 1,,2026-02-27,-0.0025
QUAL,ISHARES:MSCI USA QF,,2026-02-27,0.0023
RIG,TRANSOCEAN LTD,,2026-02-27,-0.0061
ROKU,"ROKU, INC.",,2026-02-27,0.105
RSP,INVESCO S&P500 EWGHT,,2026-02-27,0.0043
RUT,RUSSELL 2000 INDEX,,2026-02-27,-0.0118
SBLK,STAR BULK CARRIERS CORP.,,2026-02-27,0.0416
SCHP,SCHWAB STR:US TIPS,,2026-02-27,0.0052
SD,"SANDRIDGE ENERGY, INC.",,2026-02-27,-0.0045
SDY,SPDR S&P DIVIDEND,,2026-02-27,0.0059
SILJ,ETFMG PRIME JR SILVR MNR,,2026-02-27,0.1151
SLV,ISHARES:SILVER TRUST,,2026-02-27,0.1092
SM,SM ENERGY COMPANY,,2026-02-27,-0.0224
SMH,VANECK:SEMICONDUCTOR,,2026-02-27,-0.0209
SOYB,TEUCRIUM:SOYBEAN,,2026-02-27,0.014
SPHB,INVESCO S&P500 HI BE,,2026-02-27,-0.0103
SPLV,INVESCO S&P500 LOWVL,,2026-02-27,0.0192
SPX,S&P 500 INDEX,,2026-02-27,-0.0044
SPY,SPDR S&P 500 ETF,,2026-02-27,-0.005
STLA,STELLANTIS NV,,2026-02-27,0.0466
STNG,SCORPIO TANKERS INC.,,2026-02-27,0.1035
TAGS,TEUCRIUM:AGRICULTURAL,,2026-02-27,0.0119
TDW,TIDEWATER INC.,,2026-02-27,0.0823
TECK,TECK RESOURCES LIMITED,,2026-02-27,-0.0086
THD,ISHARES:MSCI THAI,,2026-02-27,0.0366
TS,TENARIS SA,,2026-02-27,0.0409
TUR,ISHARES:MSCI TURKEY,,2026-02-27,-0.0245
URA,GLBL X URANIUM ETF,,2026-02-27,-0.0004
URNM,SPROTT URANIUM MINERS,,2026-02-27,-0.0211
UUP,INVESCO DB USD IDX BL,,2026-02-27,-0.0004
VAL,VALARIS LIMITED,,2026-02-27,0.001
VIX,CBOE MKT VOLATILITY IDX,,2026-02-27,0.0403
VNM,VANECK:VIETNAM,,2026-02-27,-0.0109
VXN,CBOE NASDAQ MKT VOL NDX,,2026-02-27,0.012
WEAT,TEUCRIUM:WHEAT,,2026-02-27,0.018
XES,SPDR S&P OIL&GAS E&S,,2026-02-27,0.0134
XLB,SEL SECTOR:MATRLS SPDR,,2026-02-27,0.0085
XLC,SEL SECTOR:COMM SVC SPDR,,2026-02-27,0.0107
XLE,SEL SECTOR:ENERGY SPDR,,2026-02-27,0.019
XLF,SEL SECTOR:FINL S SPDR,,2026-02-27,-0.0202
XLI,SEL SECTOR:INDUST SPDR,,2026-02-27,-0.0005
XLK,SEL SECTOR:TECH SPDR,,2026-02-27,-0.015
XLP,SEL SECTOR:C STP SPDR,,2026-02-27,0.0241
XLRE,SEL SECTOR:RL EST SPDR,,2026-02-27,0.0064
XLU,SEL SECTOR:UTIL SPDR,,2026-02-27,0.0302
XLV,SEL SECTOR:H CARE SPDR,,2026-02-27,0.0216
XLY,SEL SECTOR:C DSC SPDR,,2026-02-27,-0.005
XOP,SPDR S&P OIL&GAS EXP,,2026-02-27,0.0122
