Ticker,Ticker_name,Exposure,Date,day_pct_change
EDV,VANGUARD EXT DUR T;ETF,Bonds,2026-02-03,0.0037
HYG,ISHARES:IBOXX $HY CORP,Bonds,2026-02-03,-0.0006
IEF,ISHARES:7-10 TRS BD ETF,Bonds,2026-02-03,0.0009
LQD,ISHARES:IBOXX $IG CORP,Bonds,2026-02-03,0.0005
SHY,ISHARES:1-3 TRS BD ETF,Bonds,2026-02-03,-0.0001
STIP,ISHARES:0-5 TIPS BD ETF,Bonds,2026-02-03,0.0006
TIP,ISHARES:TIPS BD ETF,Bonds,2026-02-03,0.0016
TLT,ISHARES:20+ TRS BD ETF,Bonds,2026-02-03,0.0024
CHTR,"CHARTER COMMUNICATIONS, INC.",Communication Services,2026-02-03,-0.0041
CMCSA,COMCAST ,Communication Services,2026-02-03,0.0057
DIS,THE WALT DISNEY COMPANY,Communication Services,2026-02-03,-0.0022
EA,ELECTRONIC ARTS INC.,Communication Services,2026-02-03,-0.0109
FOXA,FOX ,Communication Services,2026-02-03,-0.0292
GOOGL,ALPHABET INC.,Communication Services,2026-02-03,-0.0116
LYV,"LIVE NATION ENTERTAINMENT, INC.",Communication Services,2026-02-03,-0.0181
META,"META PLATFORMS, INC.",Communication Services,2026-02-03,-0.0208
MTCH,"MATCH GROUP, INC.",Communication Services,2026-02-03,-0.0837
NFLX,"NETFLIX, INC.",Communication Services,2026-02-03,-0.0341
NWSA,NEWS CORP.,Communication Services,2026-02-03,-0.0657
OMC,OMNICOM GROUP INC.,Communication Services,2026-02-03,-0.1115
PSKY,PARAMOUNT SKYDANCE ,Communication Services,2026-02-03,-0.0331
T,AT&T INC.,Communication Services,2026-02-03,0.0202
TKO,"TKO GROUP HOLDINGS, INC.",Communication Services,2026-02-03,0.013
TMUS,"T-MOBILE US, INC.",Communication Services,2026-02-03,0.0138
TTD,"THE TRADE DESK, INC.",Communication Services,2026-02-03,-0.0864
TTWO,"TAKE-TWO INTERACTIVE SOFTWARE, INC.",Communication Services,2026-02-03,-0.0435
VZ,VERIZON COMMUNICATIONS INC.,Communication Services,2026-02-03,0.0368
WBD,"WARNER BROS. DISCOVERY, INC.",Communication Services,2026-02-03,-0.012
ABNB,"AIRBNB, INC.",Consumer Discretionary,2026-02-03,-0.0703
AMZN,"AMAZON.COM, INC.",Consumer Discretionary,2026-02-03,-0.0179
APTV,APTIV PLC,Consumer Discretionary,2026-02-03,0.0028
AZO,"AUTOZONE, INC.",Consumer Discretionary,2026-02-03,-0.0136
BBY,"BEST BUY CO., INC.",Consumer Discretionary,2026-02-03,-0.005
BKNG,BOOKING HOLDINGS INC.,Consumer Discretionary,2026-02-03,-0.0932
CCL,CARNIVAL CORP,Consumer Discretionary,2026-02-03,-0.0157
CMG,"CHIPOTLE MEXICAN GRILL, INC.",Consumer Discretionary,2026-02-03,0.0171
CVNA,CARVANA CO.,Consumer Discretionary,2026-02-03,0.0061
DASH,"DOORDASH, INC.",Consumer Discretionary,2026-02-03,-0.0273
DECK,DECKERS OUTDOOR ,Consumer Discretionary,2026-02-03,-0.025
DHI,"D.R. HORTON, INC.",Consumer Discretionary,2026-02-03,0.0271
DPZ,"DOMINO'S PIZZA, INC.",Consumer Discretionary,2026-02-03,-0.0198
DRI,"DARDEN RESTAURANTS, INC.",Consumer Discretionary,2026-02-03,0.0228
EBAY,EBAY INC.,Consumer Discretionary,2026-02-03,-0.0149
EXPE,"EXPEDIA GROUP, INC.",Consumer Discretionary,2026-02-03,-0.1526
F,FORD MOTOR COMPANY,Consumer Discretionary,2026-02-03,-0.0058
GM,GENERAL MOTORS COMPANY,Consumer Discretionary,2026-02-03,0.0171
GPC,GENUINE PARTS COMPANY,Consumer Discretionary,2026-02-03,0.0112
GRMN,GARMIN LTD,Consumer Discretionary,2026-02-03,-0.0275
HAS,"HASBRO, INC.",Consumer Discretionary,2026-02-03,0.0087
HD,"THE HOME DEPOT, INC.",Consumer Discretionary,2026-02-03,0.0079
HLT,HILTON WORLDWIDE HOLDINGS INC.,Consumer Discretionary,2026-02-03,0.0055
LEN,LENNAR ,Consumer Discretionary,2026-02-03,0.0343
LOW,"LOWE'S COMPANIES, INC.",Consumer Discretionary,2026-02-03,0.0215
LULU,LULULEMON ATHLETICA INC.,Consumer Discretionary,2026-02-03,-0.0419
LVS,LAS VEGAS SANDS CORP.,Consumer Discretionary,2026-02-03,0.0234
MAR,"MARRIOTT INTERNATIONAL, INC.",Consumer Discretionary,2026-02-03,-0.0027
MCD,MCDONALD'S ,Consumer Discretionary,2026-02-03,0.003
MGM,MGM RESORTS INTERNATIONAL,Consumer Discretionary,2026-02-03,0.0203
NCLH,NORWEGIAN CRUISE LINE HOLDINGS LTD.,Consumer Discretionary,2026-02-03,-0.0478
NKE,"NIKE, INC.",Consumer Discretionary,2026-02-03,-0.0201
NVR,"NVR, INC.",Consumer Discretionary,2026-02-03,0.0068
ORLY,"O'REILLY AUTOMOTIVE, INC.",Consumer Discretionary,2026-02-03,-0.0093
PHM,"PULTEGROUP, INC.",Consumer Discretionary,2026-02-03,0.0267
POOL,POOL ,Consumer Discretionary,2026-02-03,-0.0026
RCL,ROYAL CARIBBEAN CRUISES LTD.,Consumer Discretionary,2026-02-03,-0.0232
RL,RALPH LAUREN ,Consumer Discretionary,2026-02-03,-0.007
ROST,"ROSS STORES, INC.",Consumer Discretionary,2026-02-03,0.0053
SBUX,STARBUCKS ,Consumer Discretionary,2026-02-03,0.0147
TJX,"THE TJX COMPANIES, INC.",Consumer Discretionary,2026-02-03,0.0127
TPR,"TAPESTRY, INC.",Consumer Discretionary,2026-02-03,-0.0204
TSCO,TRACTOR SUPPLY COMPANY,Consumer Discretionary,2026-02-03,0.0092
TSLA,"TESLA, INC.",Consumer Discretionary,2026-02-03,0.0004
ULTA,"ULTA BEAUTY, INC.",Consumer Discretionary,2026-02-03,0.0117
WSM,"WILLIAMS-SONOMA, INC.",Consumer Discretionary,2026-02-03,0.0093
WYNN,"WYNN RESORTS, LIMITED",Consumer Discretionary,2026-02-03,0.0008
YUM,"YUM! BRANDS, INC.",Consumer Discretionary,2026-02-03,0.0165
ADM,ARCHER-DANIELS-MIDLAND COMPANY.,Consumer Staples,2026-02-03,-0.0101
BF.B,BROWN-FORMAN ,Consumer Staples,2026-02-03,0.038
BG,BUNGE LIMITED,Consumer Staples,2026-02-03,0.0254
CAG,"CONAGRA BRANDS, INC.",Consumer Staples,2026-02-03,0.0397
CHD,"CHURCH & DWIGHT CO., INC.",Consumer Staples,2026-02-03,0.0147
CL,COLGATE-PALMOLIVE COMPANY,Consumer Staples,2026-02-03,0.0137
CLX,THE CLOROX COMPANY,Consumer Staples,2026-02-03,0.0149
COST,COSTCO WHOLESALE ,Consumer Staples,2026-02-03,0.0099
CPB,CAMPBELL SOUP COMPANY,Consumer Staples,2026-02-03,-0.0229
DG,DOLLAR GENERAL ,Consumer Staples,2026-02-03,0.0316
DLTR,"DOLLAR TREE, INC.",Consumer Staples,2026-02-03,0.0211
EL,THE ESTEE LAUDER COMPANIES INC.,Consumer Staples,2026-02-03,-0.021
GIS,"GENERAL MILLS, INC.",Consumer Staples,2026-02-03,0.0193
HRL,HORMEL FOODS ,Consumer Staples,2026-02-03,0.0065
HSY,THE HERSHEY COMPANY,Consumer Staples,2026-02-03,0.0175
KDP,KEURIG DR PEPPER INC.,Consumer Staples,2026-02-03,0.0182
KHC,THE KRAFT HEINZ COMPANY,Consumer Staples,2026-02-03,0.0157
KMB,KIMBERLY-CLARK ,Consumer Staples,2026-02-03,0.0128
KO,THE COCA-COLA COMPANY,Consumer Staples,2026-02-03,0.0207
KR,THE KROGER CO.,Consumer Staples,2026-02-03,0.0176
KVUE,KENVUE INC.,Consumer Staples,2026-02-03,0.0121
LW,"LAMB WESTON HOLDINGS, INC.",Consumer Staples,2026-02-03,0.0282
MDLZ,"MONDELEZ INTERNATIONAL, INC.",Consumer Staples,2026-02-03,0.0133
MKC,"MCCORMICK & COMPANY, INC.",Consumer Staples,2026-02-03,0.0358
MNST,MONSTER BEVERAGE ,Consumer Staples,2026-02-03,0.0107
MO,"ALTRIA GROUP, INC.",Consumer Staples,2026-02-03,0.031
PEP,"PEPSICO, INC.",Consumer Staples,2026-02-03,0.0493
PG,THE PROCTER & GAMBLE COMPANY,Consumer Staples,2026-02-03,0.0139
PM,PHILIP MORRIS INTERNATIONAL INC.,Consumer Staples,2026-02-03,-0.0163
SJM,THE J. M. SMUCKER COMPANY,Consumer Staples,2026-02-03,0.0102
STZ,"CONSTELLATION BRANDS, INC.",Consumer Staples,2026-02-03,0.0319
SYY,SYSCO ,Consumer Staples,2026-02-03,0.0212
TAP,MOLSON COORS BEVERAGE COMPANY,Consumer Staples,2026-02-03,0.0184
TGT,TARGET ,Consumer Staples,2026-02-03,0.0162
TSN,"TYSON FOODS, INC.",Consumer Staples,2026-02-03,-0.0149
WMT,WALMART INC.,Consumer Staples,2026-02-03,0.0294
APA,APA ,Energy,2026-02-03,0.022
BKR,BAKER HUGHES COMPANY,Energy,2026-02-03,0.0275
COP,CONOCOPHILLIPS,Energy,2026-02-03,0.0307
CTRA,COTERRA ENERGY INC.,Energy,2026-02-03,0.0406
CVX,CHEVRON ,Energy,2026-02-03,0.023
DVN,DEVON ENERGY ,Energy,2026-02-03,0.0242
EOG,"EOG RESOURCES, INC.",Energy,2026-02-03,0.0186
EQT,EQT ,Energy,2026-02-03,0.0155
EXE,EXPAND ENERGY ,Energy,2026-02-03,0.0146
FANG,"DIAMONDBACK ENERGY, INC.",Energy,2026-02-03,0.0267
HAL,HALLIBURTON COMPANY,Energy,2026-02-03,0.0317
KMI,"KINDER MORGAN, INC.",Energy,2026-02-03,0.024
MPC,MARATHON PETROLEUM ,Energy,2026-02-03,0.0603
OKE,"ONEOK, INC.",Energy,2026-02-03,0.0392
OXY,OCCIDENTAL PETROLEUM ,Energy,2026-02-03,0.0333
PSX,PHILLIPS 66,Energy,2026-02-03,0.0411
SLB,SCHLUMBERGER N.V.,Energy,2026-02-03,0.0356
TPL,TEXAS PACIFIC LAND ,Energy,2026-02-03,-0.0017
TRGP,TARGA RESOURCES CORP.,Energy,2026-02-03,0.025
VLO,VALERO ENERGY ,Energy,2026-02-03,0.0669
WMB,"THE WILLIAMS COMPANIES, INC.",Energy,2026-02-03,0.0326
XOM,EXXON MOBIL ,Energy,2026-02-03,0.0385
UNG,UNITED STATES NAT GAS,Energy Complex,2026-02-03,0.022
USO,UNITED STATES OIL FUND,Energy Complex,2026-02-03,0.0284
ACGL,ARCH CAPITAL GROUP LTD.,Financials,2026-02-03,0.0011
AFL,AFLAC INC.,Financials,2026-02-03,0.0008
AIG,"AMERICAN INTERNATIONAL GROUP, INC.",Financials,2026-02-03,0.0028
AIZ,"ASSURANT, INC.",Financials,2026-02-03,0.0035
AJG,ARTHUR J. GALLAGHER & CO.,Financials,2026-02-03,0.01
ALL,THE ALLSTATE ,Financials,2026-02-03,0.005
AMP,"AMERIPRISE FINANCIAL, INC.",Financials,2026-02-03,-0.004
AON,AON PLC,Financials,2026-02-03,-0.0079
APO,"APOLLO GLOBAL MANAGEMENT, INC.",Financials,2026-02-03,-0.0476
ARES,ARES MANAGEMENT CORP,Financials,2026-02-03,-0.1015
AXP,AMERICAN EXPRESS COMPANY,Financials,2026-02-03,-0.0091
BAC,BANK OF AMERICA ,Financials,2026-02-03,0.0078
BEN,"FRANKLIN RESOURCES, INC.",Financials,2026-02-03,-0.0026
BK,THE BANK OF NEW YORK MELLON ,Financials,2026-02-03,-0.0188
BLK,"BLACKROCK, INC.",Financials,2026-02-03,-0.0443
BRK.B,"BERKSHIRE HATHAWAY INC.,",Financials,2026-02-03,0.0132
BRO,"BROWN & BROWN, INC.",Financials,2026-02-03,0.0093
BX,BLACKSTONE INC,Financials,2026-02-03,-0.0524
C,CITIGROUP INC.,Financials,2026-02-03,0.0127
CB,CHUBB LTD,Financials,2026-02-03,0.0068
CBOE,"CBOE GLOBAL MARKETS, INC.",Financials,2026-02-03,0.018
CFG,"CITIZENS FINANCIAL GROUP, INC.",Financials,2026-02-03,0.0171
CINF,CINCINNATI FINANCIAL ,Financials,2026-02-03,0.0084
CME,CME GROUP INC.,Financials,2026-02-03,0.0079
COF,CAPITAL ONE FINANCIAL ,Financials,2026-02-03,-0.0015
COIN,"COINBASE GLOBAL, INC.",Financials,2026-02-03,-0.0437
CPAY,"FLEETCOR TECHNOLOGIES, INC.",Financials,2026-02-03,-0.0415
EG,"EVEREST GROUP, LTD.",Financials,2026-02-03,-0.0058
ERIE,ERIE INDEMNITY COMPANY,Financials,2026-02-03,-0.0042
FDS,FACTSET RESEARCH SYSTEMS INC.,Financials,2026-02-03,-0.1051
FIS,FIDELITY NATIONAL INFORMATION SERVICES,Financials,2026-02-03,-0.0917
FISV,"FISERV, INC.",Financials,2026-02-03,-0.0766
FITB,FIFTH THIRD BANCORP,Financials,2026-02-03,0.0154
GL,GLOBE LIFE INC.,Financials,2026-02-03,0.0015
GPN,GLOBAL PAYMENTS INC.,Financials,2026-02-03,-0.0664
GS,"THE GOLDMAN SACHS GROUP, INC.",Financials,2026-02-03,-0.0078
HBAN,HUNTINGTON BANCSHARES INC.,Financials,2026-02-03,0.0285
HIG,THE HARTFORD FINANCIAL SERVICES GROUP,Financials,2026-02-03,0.0093
HOOD,"ROBINHOOD MARKETS, INC.",Financials,2026-02-03,-0.0316
IBKR,"INTERACTIVE BROKERS GROUP, INC.",Financials,2026-02-03,-0.0045
ICE,"INTERCONTINENTAL EXCHANGE, INC.",Financials,2026-02-03,-0.0584
IVZ,INVESCO LTD.,Financials,2026-02-03,-0.0321
JKHY,"JACK HENRY & ASSOCIATES, INC.",Financials,2026-02-03,-0.0727
JPM,JPMORGAN CHASE & CO.,Financials,2026-02-03,0.0218
KEY,KEYCORP,Financials,2026-02-03,0.0155
KKR,KKR & CO. INC.,Financials,2026-02-03,-0.0969
L,LOEWS ,Financials,2026-02-03,0.0154
MA,MASTERCARD INC..,Financials,2026-02-03,-0.0084
MCO,MOODY'S ,Financials,2026-02-03,-0.089
MET,"METLIFE, INC.",Financials,2026-02-03,-0.0367
MRSH,"MARSH & MCLENNAN COMPANIES, INC.",Financials,2026-02-03,0.0013
MS,MORGAN STANLEY,Financials,2026-02-03,-0.0118
MSCI,MSCI INC.,Financials,2026-02-03,-0.0693
MTB,M&T BANK ,Financials,2026-02-03,0.0114
NDAQ,"NASDAQ, INC.",Financials,2026-02-03,-0.094
NTRS,NORTHERN TRUST ,Financials,2026-02-03,-0.0117
PFG,"PRINCIPAL FINANCIAL GROUP, INC.",Financials,2026-02-03,-0.0074
PGR,THE PROGRESSIVE ,Financials,2026-02-03,-0.0099
PNC,"THE PNC FINANCIAL SERVICES GROUP, INC.",Financials,2026-02-03,0.0272
PRU,"PRUDENTIAL FINANCIAL, INC.",Financials,2026-02-03,-0.0406
PYPL,"PAYPAL HOLDINGS, INC.",Financials,2026-02-03,-0.2031
RF,REGIONS FINANCIAL ,Financials,2026-02-03,0.0244
RJF,"RAYMOND JAMES FINANCIAL, INC.",Financials,2026-02-03,-0.0068
SCHW,THE CHARLES SCHWAB ,Financials,2026-02-03,-0.0137
SPGI,S&P GLOBAL INC.,Financials,2026-02-03,-0.1127
STT,STATE STREET ,Financials,2026-02-03,-0.0188
SYF,SYNCHRONY FINANCIAL,Financials,2026-02-03,0.0052
TFC,TRUIST FINANCIAL ,Financials,2026-02-03,0.026
TROW,"T. ROWE PRICE GROUP, INC.",Financials,2026-02-03,-0.0374
TRV,"THE TRAVELERS COMPANIES, INC.",Financials,2026-02-03,0.0091
USB,U.S. BANCORP,Financials,2026-02-03,0.0232
V,VISA INC.,Financials,2026-02-03,-0.0147
WFC,WELLS FARGO & COMPANY,Financials,2026-02-03,0.0004
WRB,W. R. BERKLEY ,Financials,2026-02-03,0.021
WTW,WILLIS TOWERS WATSON,Financials,2026-02-03,0.0584
XYZ,"BLOCK, INC.",Financials,2026-02-03,-0.0598
GLD,SPDR GOLD,Gold,2026-02-03,0.0636
A,"AGILENT TECHNOLOGIES, INC.",Health Care,2026-02-03,-0.024
ABBV,ABBVIE INC.,Health Care,2026-02-03,0.0001
ABT,ABBOTT LABORATORIES,Health Care,2026-02-03,-0.0036
ALGN,"ALIGN TECHNOLOGY, INC.",Health Care,2026-02-03,-0.0402
AMGN,AMGEN INC.,Health Care,2026-02-03,-0.0177
BAX,BAXTER INTERNATIONAL INC.,Health Care,2026-02-03,0.002
BDX,"BECTON, DICKINSON AND COMPANY",Health Care,2026-02-03,0.0227
BIIB,BIOGEN INC.,Health Care,2026-02-03,-0.013
BMY,BRISTOL-MYERS SQUIBB COMPANY,Health Care,2026-02-03,0.0018
BSX,BOSTON SCIENTIFIC ,Health Care,2026-02-03,-0.0027
CAH,"CARDINAL HEALTH, INC.",Health Care,2026-02-03,-0.0042
CI,THE CIGNA GROUP,Health Care,2026-02-03,0.0142
CNC,CENTENE ,Health Care,2026-02-03,-0.0068
COO,"THE COOPER COMPANIES, INC.",Health Care,2026-02-03,-0.0164
COR,"CENCORA, INC.",Health Care,2026-02-03,-0.005
CRL,CHARLES RIVER LABORATORIES,Health Care,2026-02-03,-0.0554
CVS,CVS HEALTH ,Health Care,2026-02-03,0.0187
DGX,QUEST DIAGNOSTICS INC.,Health Care,2026-02-03,0.0009
DHR,DANAHER ,Health Care,2026-02-03,-0.0305
DVA,DAVITA INC.,Health Care,2026-02-03,0.2117
DXCM,"DEXCOM, INC.",Health Care,2026-02-03,-0.0124
ELV,"ELEVANCE HEALTH, INC.",Health Care,2026-02-03,-0.0093
EW,EDWARDS LIFESCIENCES ,Health Care,2026-02-03,-0.0067
GEHC,GE HEALTHCARE TECHNOLOGIES INC.,Health Care,2026-02-03,-0.0166
GILD,"GILEAD SCIENCES, INC.",Health Care,2026-02-03,0.0027
HCA,"HCA HEALTHCARE, INC.",Health Care,2026-02-03,0.0048
HOLX,"HOLOGIC, INC.",Health Care,2026-02-03,-0.0015
HSIC,"HENRY SCHEIN, INC.",Health Care,2026-02-03,-0.0288
HUM,HUMANA INC.,Health Care,2026-02-03,0.0311
IDXX,"IDEXX LABORATORIES, INC.",Health Care,2026-02-03,-0.011
INCY,INCYTE ,Health Care,2026-02-03,-0.017
IQV,IQVIA HOLDINGS INC,Health Care,2026-02-03,-0.1188
ISRG,"INTUITIVE SURGICAL, INC.",Health Care,2026-02-03,-0.0359
JNJ,JOHNSON & JOHNSON,Health Care,2026-02-03,0.0102
LH,LABORATORY  OF AMERICA HOLDINGS,Health Care,2026-02-03,0.0071
LLY,ELI LILLY AND COMPANY,Health Care,2026-02-03,-0.039
MCK,MCKESSON ,Health Care,2026-02-03,0.0054
MDT,MEDTRONIC PUBLIC LIMITED COMPANY,Health Care,2026-02-03,0.0046
MOH,"MOLINA HEALTHCARE, INC.",Health Care,2026-02-03,0.0012
MRK,"MERCK & CO., INC.",Health Care,2026-02-03,0.0218
MRNA,"MODERNA, INC.",Health Care,2026-02-03,-0.0082
MTD,METTLER-TOLEDO INTERNATIONAL INC.,Health Care,2026-02-03,-0.0113
PFE,PFIZER INC.,Health Care,2026-02-03,-0.0334
PODD,INSULET ,Health Care,2026-02-03,-0.021
REGN,"REGENERON PHARMACEUTICALS, INC.",Health Care,2026-02-03,0.0055
RMD,RESMED INC.,Health Care,2026-02-03,-0.0131
RVTY,"REVVITY, INC.",Health Care,2026-02-03,-0.0557
SOLV,SOLVENTUM ,Health Care,2026-02-03,-0.0151
STE,STERIS PUBLIC LIMITED COMPANY,Health Care,2026-02-03,-0.0097
SYK,STRYKER ,Health Care,2026-02-03,-0.0199
TECH,BIO-TECHNE ,Health Care,2026-02-03,-0.0095
TMO,THERMO FISHER SCIENTIFIC INC.,Health Care,2026-02-03,-0.0201
UHS,"UNIVERSAL HEALTH SERVICES, INC.",Health Care,2026-02-03,0.0254
UNH,UNITEDHEALTH GROUP INC.,Health Care,2026-02-03,-0.0049
VRTX,VERTEX PHARMACEUTICALS INC.,Health Care,2026-02-03,-0.0136
VTRS,VIATRIS INC.,Health Care,2026-02-03,0.0
WAT,WATERS ,Health Care,2026-02-03,-0.0009
WST,"WEST PHARMACEUTICAL SERVICES, INC.",Health Care,2026-02-03,-0.0276
ZBH,"ZIMMER BIOMET HOLDINGS, INC.",Health Care,2026-02-03,-0.0005
ZTS,ZOETIS INC.,Health Care,2026-02-03,-0.0203
ADP,"AUTOMATIC DATA PROCESSING, INC.",Industrials,2026-02-03,-0.0504
ALLE,ALLEGION PUBLIC LIMITED COMPANY,Industrials,2026-02-03,0.014
AME,"AMETEK, INC.",Industrials,2026-02-03,0.0053
AOS,A. O. SMITH ,Industrials,2026-02-03,0.0218
AXON,"AXON ENTERPRISE, INC.",Industrials,2026-02-03,-0.0189
BA,THE BOEING COMPANY,Industrials,2026-02-03,0.0006
BLDR,"BUILDERS FIRSTSOURCE, INC.",Industrials,2026-02-03,0.0467
BR,"BROADRIDGE FINANCIAL SOLUTIONS, INC.",Industrials,2026-02-03,-0.0625
CARR,CARRIER GLOBAL ,Industrials,2026-02-03,0.0139
CAT,CATERPILLAR INC.,Industrials,2026-02-03,0.0173
CHRW,"C.H. ROBINSON WORLDWIDE, INC.",Industrials,2026-02-03,0.0061
CMI,CUMMINS INC.,Industrials,2026-02-03,0.0127
CPRT,"COPART, INC.",Industrials,2026-02-03,-0.0186
CSX,CSX ,Industrials,2026-02-03,0.0198
CTAS,CINTAS ,Industrials,2026-02-03,-0.0009
DAL,"DELTA AIR LINES, INC.",Industrials,2026-02-03,0.0197
DAY,"DAYFORCE, INC.",Industrials,2026-02-03,0.0136
DE,DEERE & COMPANY,Industrials,2026-02-03,0.024
DOV,DOVER ,Industrials,2026-02-03,0.0209
EFX,EQUIFAX INC.,Industrials,2026-02-03,-0.1211
EME,"EMCOR GROUP, INC.",Industrials,2026-02-03,0.0176
EMR,EMERSON ELECTRIC CO.,Industrials,2026-02-03,0.0233
ETN,EATON  PUBLIC LIMITED COMPANY,Industrials,2026-02-03,0.0086
EXPD,EXPEDITORS INTERNATIONAL OF WASHINGTON,Industrials,2026-02-03,-0.0081
FAST,FASTENAL COMPANY,Industrials,2026-02-03,0.0344
FDX,FEDEX ,Industrials,2026-02-03,0.0541
FIX,"COMFORT SYSTEMS USA, INC.",Industrials,2026-02-03,0.0287
FTV,FORTIVE ,Industrials,2026-02-03,0.0121
GD,GENERAL DYNAMICS ,Industrials,2026-02-03,0.0258
GE,GENERAL ELECTRIC COMPANY,Industrials,2026-02-03,0.004
GEV,GE VERNOVA INC.,Industrials,2026-02-03,0.0335
GNRC,GENERAC HOLDINGS INC.,Industrials,2026-02-03,0.0136
GWW,"W.W. GRAINGER, INC.",Industrials,2026-02-03,0.0537
HII,"HUNTINGTON INGALLS INDUSTRIES, INC.",Industrials,2026-02-03,0.0222
HON,HONEYWELL INTERNATIONAL INC.,Industrials,2026-02-03,0.0147
HUBB,HUBBELL INC.,Industrials,2026-02-03,0.0167
HWM,HOWMET AEROSPACE INC.,Industrials,2026-02-03,0.0303
IEX,IDEX ,Industrials,2026-02-03,0.0171
IR,INGERSOLL RAND INC.,Industrials,2026-02-03,0.0537
ITW,ILLINOIS TOOL WORKS INC.,Industrials,2026-02-03,0.0556
J,JACOBS SOLUTIONS INC.,Industrials,2026-02-03,-0.029
JBHT,"J. B. HUNT TRANSPORT SERVICES, INC.",Industrials,2026-02-03,0.042
JCI,JOHNSON CONTROLS INTERNATIONAL PLC,Industrials,2026-02-03,0.0084
LDOS,"LEIDOS HOLDINGS, INC.",Industrials,2026-02-03,0.0093
LHX,"L3HARRIS TECHNOLOGIES, INC.",Industrials,2026-02-03,0.0333
LII,LENNOX INTERNATIONAL INC.,Industrials,2026-02-03,0.0267
LMT,LOCKHEED MARTIN ,Industrials,2026-02-03,-0.0122
LUV,SOUTHWEST AIRLINES CO.,Industrials,2026-02-03,0.0312
MAS,MASCO ,Industrials,2026-02-03,0.0222
MMM,3M COMPANY,Industrials,2026-02-03,0.0147
NDSN,NORDSON ,Industrials,2026-02-03,0.0046
NOC,NORTHROP GRUMMAN ,Industrials,2026-02-03,0.0291
NSC,NORFOLK SOUTHERN ,Industrials,2026-02-03,0.0236
ODFL,"OLD DOMINION FREIGHT LINE, INC.",Industrials,2026-02-03,0.0196
OTIS,OTIS WORLDWIDE ,Industrials,2026-02-03,0.0117
PAYC,"PAYCOM SOFTWARE, INC.",Industrials,2026-02-03,-0.0674
PAYX,"PAYCHEX, INC.",Industrials,2026-02-03,-0.0519
PCAR,PACCAR INC,Industrials,2026-02-03,0.0264
PH,PARKER-HANNIFIN ,Industrials,2026-02-03,0.013
PNR,PENTAIR PUBLIC LIMITED COMPANY,Industrials,2026-02-03,-0.1016
PWR,"QUANTA SERVICES, INC.",Industrials,2026-02-03,0.0227
ROK,"ROCKWELL AUTOMATION, INC.",Industrials,2026-02-03,0.0027
ROL,"ROLLINS, INC.",Industrials,2026-02-03,-0.0083
RSG,"REPUBLIC SERVICES, INC.",Industrials,2026-02-03,-0.0083
RTX,RTX ,Industrials,2026-02-03,0.012
SNA,SNAP-ON INC.,Industrials,2026-02-03,0.0185
SWK,"STANLEY BLACK & DECKER, INC.",Industrials,2026-02-03,0.0229
TDG,TRANSDIGM GROUP INC.,Industrials,2026-02-03,-0.0931
TT,TRANE TECHNOLOGIES PLC,Industrials,2026-02-03,0.0242
TXT,TEXTRON INC.,Industrials,2026-02-03,0.0122
UAL,"UNITED AIRLINES HOLDINGS, INC.",Industrials,2026-02-03,0.0327
UBER,"UBER TECHNOLOGIES, INC.",Industrials,2026-02-03,-0.036
UNP,UNION PACIFIC ,Industrials,2026-02-03,0.0266
UPS,"UNITED PARCEL SERVICE, INC.",Industrials,2026-02-03,0.0143
URI,"UNITED RENTALS, INC.",Industrials,2026-02-03,0.0177
VLTO,VERALTO ,Industrials,2026-02-03,-0.0397
VRSK,"VERISK ANALYTICS, INC.",Industrials,2026-02-03,-0.1011
WAB,WESTINGHOUSE AIR BRAKE TECHNOLOGIES ,Industrials,2026-02-03,0.011
WM,"WASTE MANAGEMENT, INC.",Industrials,2026-02-03,0.0086
XYL,XYLEM INC.,Industrials,2026-02-03,-0.0094
AAPL,APPLE INC.,Information Technology,2026-02-03,-0.002
ACN,ACCENTURE PUBLIC LIMITED COMPANY,Information Technology,2026-02-03,-0.0959
ADBE,ADOBE INC.,Information Technology,2026-02-03,-0.0731
ADI,"ANALOG DEVICES, INC.",Information Technology,2026-02-03,-0.0176
ADSK,"AUTODESK, INC.",Information Technology,2026-02-03,-0.0578
AKAM,"AKAMAI TECHNOLOGIES, INC.",Information Technology,2026-02-03,-0.0501
AMAT,"APPLIED MATERIALS, INC.",Information Technology,2026-02-03,-0.0296
AMD,"ADVANCED MICRO DEVICES, INC.",Information Technology,2026-02-03,-0.0169
ANET,"ARISTA NETWORKS, INC.",Information Technology,2026-02-03,0.0074
APH,AMPHENOL ,Information Technology,2026-02-03,0.0147
APP,APPLOVIN CORP,Information Technology,2026-02-03,-0.0439
AVGO,BROADCOM INC.,Information Technology,2026-02-03,-0.0326
CDNS,"CADENCE DESIGN SYSTEMS, INC.",Information Technology,2026-02-03,-0.0715
CDW,CDW ,Information Technology,2026-02-03,-0.0053
CRM,"SALESFORCE, INC.",Information Technology,2026-02-03,-0.0685
CRWD,"CROWDSTRIKE HOLDINGS, INC.",Information Technology,2026-02-03,-0.039
CSCO,"CISCO SYSTEMS, INC.",Information Technology,2026-02-03,0.0306
CTSH,COGNIZANT TECHNOLOGY SOLUTIONS ,Information Technology,2026-02-03,-0.1014
DDOG,"DATADOG, INC.",Information Technology,2026-02-03,-0.0728
DELL,DELL TECHNOLOGIES INC.,Information Technology,2026-02-03,-0.0169
EPAM,"EPAM SYSTEMS, INC.",Information Technology,2026-02-03,-0.1287
FFIV,"F5, INC.",Information Technology,2026-02-03,-0.0217
FICO,FAIR ISAAC ,Information Technology,2026-02-03,-0.0847
FSLR,"FIRST SOLAR, INC.",Information Technology,2026-02-03,0.0368
FTNT,"FORTINET, INC.",Information Technology,2026-02-03,-0.0245
GDDY,GODADDY INC.,Information Technology,2026-02-03,-0.0613
GEN,GEN DIGITAL INC.,Information Technology,2026-02-03,-0.0563
GLW,CORNING INC.,Information Technology,2026-02-03,0.022
HPE,HEWLETT PACKARD ENTERPRISE COMPANY,Information Technology,2026-02-03,-0.0104
HPQ,HP INC.,Information Technology,2026-02-03,-0.0409
IBM,INTERNATIONAL BUSINESS MACHINES ,Information Technology,2026-02-03,-0.0649
INTC,INTEL ,Information Technology,2026-02-03,0.009
INTU,INTUIT INC.,Information Technology,2026-02-03,-0.1089
IT,"GARTNER, INC.",Information Technology,2026-02-03,-0.2087
JBL,JABIL INC.,Information Technology,2026-02-03,0.0099
KEYS,"KEYSIGHT TECHNOLOGIES, INC.",Information Technology,2026-02-03,0.0175
KLAC,KLA ,Information Technology,2026-02-03,-0.0389
LRCX,LAM RESEARCH ,Information Technology,2026-02-03,-0.0312
MCHP,MICROCHIP TECHNOLOGY INC.,Information Technology,2026-02-03,-0.0182
MPWR,"MONOLITHIC POWER SYSTEMS, INC.",Information Technology,2026-02-03,-0.0072
MSFT,MICROSOFT ,Information Technology,2026-02-03,-0.0287
MSI,"MOTOROLA SOLUTIONS, INC.",Information Technology,2026-02-03,0.0143
MU,"MICRON TECHNOLOGY, INC.",Information Technology,2026-02-03,-0.0419
NOW,"SERVICENOW, INC.",Information Technology,2026-02-03,-0.0697
NTAP,"NETAPP, INC.",Information Technology,2026-02-03,-0.0202
NVDA,NVIDIA ,Information Technology,2026-02-03,-0.0284
NXPI,NXP SEMICONDUCTORS NV,Information Technology,2026-02-03,-0.0451
ON,ON SEMICONDUCTOR ,Information Technology,2026-02-03,-0.0341
ORCL,ORACLE ,Information Technology,2026-02-03,-0.0337
PANW,"PALO ALTO NETWORKS, INC.",Information Technology,2026-02-03,-0.0523
PLTR,PALANTIR TECHNOLOGIES INC.,Information Technology,2026-02-03,0.0685
PTC,PTC INC.,Information Technology,2026-02-03,-0.0489
Q,"QNITY ELECTRONICS, INC.",Information Technology,2026-02-03,-0.0078
QCOM,QUALCOMM INC.,Information Technology,2026-02-03,-0.0356
ROP,"ROPER TECHNOLOGIES, INC.",Information Technology,2026-02-03,-0.0638
SMCI,"SUPER MICRO COMPUTER, INC.",Information Technology,2026-02-03,-0.0013
SNDK,SANDISK CORPORATION,Information Technology,2026-02-03,0.0455
SNPS,"SYNOPSYS, INC.",Information Technology,2026-02-03,-0.0846
STX,SEAGATE TECHNOLOGY HOLDINGS,Information Technology,2026-02-03,0.0266
SWKS,"SKYWORKS SOLUTIONS, INC.",Information Technology,2026-02-03,-0.0158
TDY,TELEDYNE TECHNOLOGIES INC.,Information Technology,2026-02-03,0.0443
TEL,TE CONNECTIVITY LTD,Information Technology,2026-02-03,-0.0034
TER,"TERADYNE, INC.",Information Technology,2026-02-03,0.1341
TRMB,TRIMBLE INC.,Information Technology,2026-02-03,-0.048
TXN,TEXAS INSTRUMENTS INC.,Information Technology,2026-02-03,0.0009
TYL,"TYLER TECHNOLOGIES, INC.",Information Technology,2026-02-03,-0.085
VRSN,"VERISIGN, INC.",Information Technology,2026-02-03,-0.0296
WDAY,"WORKDAY, INC.",Information Technology,2026-02-03,-0.0704
WDC,WESTERN DIGITAL ,Information Technology,2026-02-03,0.074
ZBRA,ZEBRA TECHNOLOGIES ,Information Technology,2026-02-03,-0.0366
ALB,ALBEMARLE ,Materials,2026-02-03,0.0346
AMCR,AMCOR PLC,Materials,2026-02-03,0.0267
APD,"AIR PRODUCTS AND CHEMICALS, INC.",Materials,2026-02-03,0.0257
AVY,AVERY DENNISON ,Materials,2026-02-03,-0.0014
BALL,BALL ,Materials,2026-02-03,0.0896
CF,"CF INDUSTRIES HOLDINGS, INC.",Materials,2026-02-03,0.0296
CRH,CRH PUBLIC LIMITED COMPANY,Materials,2026-02-03,-0.0208
CTVA,"CORTEVA, INC.",Materials,2026-02-03,0.0251
DD,"DUPONT DE NEMOURS, INC.",Materials,2026-02-03,0.0196
DOW,DOW INC.,Materials,2026-02-03,0.0557
ECL,ECOLAB INC.,Materials,2026-02-03,-0.0043
FCX,FREEPORT-MCMORAN INC.,Materials,2026-02-03,0.0644
IFF,INTERNATIONAL FLAVORS & FRAGRANCES INC.,Materials,2026-02-03,0.009
IP,INTERNATIONAL PAPER COMPANY,Materials,2026-02-03,0.0337
LIN,LINDE PUBLIC LIMITED COMPANY,Materials,2026-02-03,0.0074
LYB,LYONDELLBASELL INDUSTRIES NV,Materials,2026-02-03,0.0637
MLM,"MARTIN MARIETTA MATERIALS, INC.",Materials,2026-02-03,0.0133
MOS,THE MOSAIC COMPANY,Materials,2026-02-03,0.0381
NEM,NEWMONT ,Materials,2026-02-03,0.038
NUE,NUCOR ,Materials,2026-02-03,0.0306
PKG,PACKAGING  OF AMERICA,Materials,2026-02-03,0.0031
PPG,"PPG INDUSTRIES, INC.",Materials,2026-02-03,0.0263
SHW,THE SHERWIN-WILLIAMS COMPANY,Materials,2026-02-03,0.0092
STLD,"STEEL DYNAMICS, INC.",Materials,2026-02-03,0.0343
SW,SMURFIT WESTROCK PUBLIC LIMITED COMPANY,Materials,2026-02-03,-0.0253
VMC,VULCAN MATERIALS COMPANY,Materials,2026-02-03,0.0166
AMT,AMERICAN TOWER ,Real Estate,2026-02-03,-0.0033
ARE,"ALEXANDRIA REAL ESTATE EQUITIES, INC.",Real Estate,2026-02-03,-0.0061
AVB,"AVALONBAY COMMUNITIES, INC.",Real Estate,2026-02-03,-0.0059
BXP,"BOSTON PROPERTIES, INC.",Real Estate,2026-02-03,-0.0048
CBRE,"CBRE GROUP, INC.",Real Estate,2026-02-03,-0.0355
CCI,CROWN CASTLE INC.,Real Estate,2026-02-03,-0.0065
CPT,CAMDEN PROPERTY TRUST,Real Estate,2026-02-03,-0.0035
CSGP,"COSTAR GROUP, INC.",Real Estate,2026-02-03,-0.1545
DLR,"DIGITAL REALTY TRUST, INC.",Real Estate,2026-02-03,-0.004
DOC,"HEALTHDOC PROPERTIES, INC.",Real Estate,2026-02-03,-0.0278
EQIX,"EQUINIX, INC.",Real Estate,2026-02-03,-0.0106
EQR,EQUITY RESIDENTIAL,Real Estate,2026-02-03,0.0029
ESS,"ESSEX PROPERTY TRUST, INC.",Real Estate,2026-02-03,-0.0035
EXR,EXTRA SPACE STORAGE INC.,Real Estate,2026-02-03,0.0216
FRT,FEDERAL REALTY INVESTMENT TRUST,Real Estate,2026-02-03,0.0003
HST,"HOST HOTELS & RESORTS, INC.",Real Estate,2026-02-03,0.0107
INVH,INVITATION HOMES INC.,Real Estate,2026-02-03,-0.0027
IRM,IRON MOUNTAIN INC.,Real Estate,2026-02-03,-0.0091
KIM,KIMCO REALTY .,Real Estate,2026-02-03,0.0034
MAA,"MID-AMERICA APARTMENT COMMUNITIES, INC.",Real Estate,2026-02-03,-0.0008
O,REALTY INCOME ,Real Estate,2026-02-03,0.0154
PLD,"PROLOGIS, INC.",Real Estate,2026-02-03,0.017
PSA,PUBLIC STORAGE.,Real Estate,2026-02-03,0.0284
REG,REGENCY CENTERS ,Real Estate,2026-02-03,0.0071
SBAC,SBA COMMUNICATIONS ,Real Estate,2026-02-03,-0.0082
SPG,"SIMON PROPERTY GROUP, INC.",Real Estate,2026-02-03,-0.0094
UDR,"UDR, INC.",Real Estate,2026-02-03,-0.0033
VICI,VICI PROPERTIES INC.,Real Estate,2026-02-03,0.0036
VTR,"VENTAS, INC.",Real Estate,2026-02-03,0.0036
WELL,WELLTOWER INC.,Real Estate,2026-02-03,0.0004
WY,WEYERHAEUSER COMPANY,Real Estate,2026-02-03,0.0325
DXY,US DOLLAR INDEX,USD,2026-02-03,-0.0008
AEE,AMEREN ,Utilities,2026-02-03,0.0157
AEP,"AMERICAN ELECTRIC POWER COMPANY, INC.",Utilities,2026-02-03,0.0198
AES,THE AES ,Utilities,2026-02-03,0.0923
ATO,ATMOS ENERGY ,Utilities,2026-02-03,0.0138
AWK,"AMERICAN WATER WORKS COMPANY, INC.",Utilities,2026-02-03,-0.0054
CEG,CONSTELLATION ENERGY,Utilities,2026-02-03,-0.009
CMS,CMS ENERGY ,Utilities,2026-02-03,0.0177
CNP,"CENTERPOINT ENERGY, INC.",Utilities,2026-02-03,0.0206
D,"DOMINION ENERGY, INC.",Utilities,2026-02-03,0.0233
DTE,DTE ENERGY COMPANY,Utilities,2026-02-03,0.0206
DUK,DUKE ENERGY ,Utilities,2026-02-03,0.0182
ED,"CONSOLIDATED EDISON, INC.",Utilities,2026-02-03,0.0193
EIX,EDISON INTERNATIONAL,Utilities,2026-02-03,0.012
ES,EVERSOURCE ENERGY,Utilities,2026-02-03,0.0093
ETR,ENTERGY ,Utilities,2026-02-03,0.0195
EVRG,"EVERGY, INC.",Utilities,2026-02-03,0.0242
EXC,EXELON ,Utilities,2026-02-03,0.0023
FE,FIRSTENERGY CORP.,Utilities,2026-02-03,-0.0021
LNT,ALLIANT ENERGY ,Utilities,2026-02-03,0.0218
NEE,"NEXTERA ENERGY, INC.",Utilities,2026-02-03,0.0288
NI,NISOURCE INC.,Utilities,2026-02-03,-0.0016
NRG,"NRG ENERGY, INC.",Utilities,2026-02-03,0.0206
PCG,PG&E ,Utilities,2026-02-03,0.0172
PEG,PUBLIC SERVICE ENTERPRISE GROUP INC.,Utilities,2026-02-03,0.0156
PNW,PINNACLE WEST CAPITAL ,Utilities,2026-02-03,0.021
PPL,PPL ,Utilities,2026-02-03,-0.0089
SO,THE SOUTHERN COMPANY,Utilities,2026-02-03,0.022
SRE,SEMPRA,Utilities,2026-02-03,0.009
VST,VISTRA CORP.,Utilities,2026-02-03,-0.0082
WEC,"WEC ENERGY GROUP, INC.",Utilities,2026-02-03,0.022
XEL,XCEL ENERGY INC.,Utilities,2026-02-03,0.0195
FVX,5 YR TSY YLD NDX,Yields,2026-02-03,0.0
TNX,10 Y TSY YLD NDX,Yields,2026-02-03,-0.0023
TYX,30 Y TSY YLD NDX,Yields,2026-02-03,0.0
ASC,ARDMORE SHIPPING ,,2026-02-03,0.0016
BTC=F,BITCOIN FUTURES,,2026-02-03,-0.0366
BTI,BRITISH AMERICAN TOBACCO P.L.C.,,2026-02-03,0.0144
BTU,PEABODY ENERGY ,,2026-02-03,0.0301
CALM,"CAL-MAINE FOODS, INC.",,2026-02-03,0.0155
CANE,TEUCRIUM:SUGAR,,2026-02-03,0.025
CCJ,CAMECO ,,2026-02-03,0.0494
CMBT,CMB.TECH NV,,2026-02-03,-0.0169
CMRE,COSTAMARE INC.,,2026-02-03,-0.0115
CNR,"CORE NATURAL RESOURCES, INC.",,2026-02-03,0.0083
COMT,ISHARES:GSCI COMM DYN RS,,2026-02-03,0.0258
CORN,TEUCRIUM:CORN,,2026-02-03,0.0052
CPER,UNITED STATES COPPER IDX,,2026-02-03,0.0446
CRESY,CRESUD INC.,,2026-02-03,-0.0195
DBA,INVESCO DB MS AGRI,,2026-02-03,0.0039
DBB,INVESCO DB MS BMTL,,2026-02-03,0.0259
DBC,INVESCO DB CM IDX,,2026-02-03,0.0259
DHT,"DHT HOLDINGS, INC.",,2026-02-03,-0.0028
DIA,SPDR DOW JONES INDUS AVG,,2026-02-03,-0.0035
DJI,DOW JONES INDUSTRIAL AVG INDEX,,2026-02-03,-0.0034
EC,ECOPETROL SA,,2026-02-03,0.0073
ECH,ISHARES:MSCI CHILE,,2026-02-03,0.0248
EDEN,ISHARES:MSCI DENMARK,,2026-02-03,-0.0354
EFNL,ISHARES:MSCI FINLAND,,2026-02-03,0.0105
EIDO,ISHARES:MSCI INDONESIA,,2026-02-03,0.0103
EIRL,ISHARES:MSCI IRELAND,,2026-02-03,0.0069
EIS,ISHARES:MSCI ISRAEL,,2026-02-03,0.0065
ENZL,ISHARES:MSCI NEW ZLND,,2026-02-03,0.0025
EPHE,ISHARES:MSCI PHILIPPINES,,2026-02-03,0.008
EPOL,ISHARES:MSCI POLAND,,2026-02-03,0.0183
EPU,ISHARES:MSCI PERU,,2026-02-03,0.045
ES=F,E-MINI S&P 500 FUTURES,,2026-02-03,-0.0104
EWA,ISHARES:MSCI AUSTRALIA,,2026-02-03,0.0061
EWC,ISHARES:MSCI CANADA,,2026-02-03,0.0053
EWD,ISHARES:MSCI SWEDEN,,2026-02-03,0.0066
EWG,ISHARES:MSCI GERMANY,,2026-02-03,0.0007
EWH,ISHARES:MSCI HONG KONG,,2026-02-03,0.0052
EWI,ISHARES:MSCI ITALY,,2026-02-03,0.0099
EWJ,ISHARES:MSCI JAPAN,,2026-02-03,0.0092
EWK,ISHARES:MSCI BELGIUM,,2026-02-03,0.0092
EWL,ISHARES:MSCI SWITZERLAND,,2026-02-03,-0.0058
EWM,ISHARES:MSCI MALAYSIA,,2026-02-03,0.0034
EWN,ISHARES:MSCI NETHERLANDS,,2026-02-03,-0.0139
EWO,ISHARES:MSCI AUSTRIA,,2026-02-03,0.0177
EWP,ISHARES:MSCI SPAIN,,2026-02-03,-0.0107
EWQ,ISHARES:MSCI FRANCE,,2026-02-03,0.0002
EWS,ISHARES:MSCI SINGAPORE,,2026-02-03,-0.0099
EWT,ISHARES:MSCI TAIWAN,,2026-02-03,-0.0016
EWU,ISHARES:MSCI UK,,2026-02-03,-0.0015
EWW,ISHARES:MSCI MEXICO,,2026-02-03,0.0441
EWY,ISHARES:MSCI S KOREA,,2026-02-03,0.028
EWZ,ISHARES:MSCI BRAZIL,,2026-02-03,0.0158
FRO,FRONTLINE PLC,,2026-02-03,0.0098
FTI,TECHNIPFMC PLC,,2026-02-03,0.0158
FXA,INVESCO:AU DOLLAR,,2026-02-03,0.0103
FXB,INVESCO:GBP STERLING,,2026-02-03,0.0024
FXC,INVESCO:CANADIAN DOLLAR,,2026-02-03,0.0028
FXE,INVESCO:EURO,,2026-02-03,0.0025
FXY,INVESCO:JAPANESE YEN,,2026-02-03,-0.0003
GDX,VANECK:GOLD MINERS,,2026-02-03,0.0428
GDXJ,VANECK:JR GOLD MINERS,,2026-02-03,0.0466
GEOS,GEOSPACE TECHNOLOGIES ,,2026-02-03,0.0987
GGB,GERDAU SA,,2026-02-03,0.0208
GLATF,GLOBAL ATOMIC ,,2026-02-03,0.0377
GNK,GENCO SHIPPING & TRADING LIMITED,,2026-02-03,0.0066
GREK,GLBL X MSCI GREECE,,2026-02-03,0.0182
HLX,"HELIX ENERGY SOLUTIONS GROUP, INC.",,2026-02-03,0.0385
HYD,VANECK:HIGH YIELD MUNI,,2026-02-03,-0.0004
ICL,ICL GROUP LTD,,2026-02-03,0.0317
INDA,ISHARES:MSCI INDIA,,2026-02-03,-0.0024
IWD,ISHARES:RUSS 1000 VL ETF,,2026-02-03,0.0011
IWF,ISHARES:RUSS 1000 GR ETF,,2026-02-03,-0.0178
IWM,ISHARES:RUSS 2000 ETF,,2026-02-03,0.0023
JNK,SPDR BBG HIGH YIELD BD,,2026-02-03,-0.0009
MCHI,ISHARES:MSCI CHINA,,2026-02-03,-0.0088
MDY,SPDR S&P MIDCAP 400 ETF,,2026-02-03,0.0019
MP,MP MATERIALS CORP,,2026-02-03,0.093
MTUM,ISHARES:MSCI USA MOM FCT,,2026-02-03,-0.0074
MUB,ISHARES:NATL MUNI BOND,,2026-02-03,-0.0003
NDX,NASDAQ 100 INDEX,,2026-02-03,-0.0155
NORW,GLBL X MSCI NORWAY ETF,,2026-02-03,0.0135
NOV,NOV INC.,,2026-02-03,0.0212
NQ=F,NASDAQ 100 FUTURES,,2026-02-03,-0.0197
OEF,ISHARES:S&P 100,,2026-02-03,-0.01
PAM,PAMPA ENERGIA SA,,2026-02-03,-0.0161
PBR,BRAZILIAN PETROLEUM  - PETROBRAS,,2026-02-03,0.0166
PFF,ISHARES:PREF AND INC SEC,,2026-02-03,-0.0038
POWA,INVESCO BLOOMBERG PRICING POWER,,2026-02-03,-0.0098
PPLT,ABRDN:PHYSICAL PLATINUM,,2026-02-03,0.0408
QAT,ISHARES:MSCI QATAR,,2026-02-03,-0.0025
QQQ,INVESCO QQQ TRUST 1,,2026-02-03,-0.0154
QUAL,ISHARES:MSCI USA QF,,2026-02-03,-0.0116
RIG,TRANSOCEAN LTD,,2026-02-03,0.0332
ROKU,"ROKU, INC.",,2026-02-03,-0.0239
RSP,INVESCO S&P500 EWGHT,,2026-02-03,-0.0027
RUT,RUSSELL 2000 INDEX,,2026-02-03,0.0031
SBLK,STAR BULK CARRIERS CORP.,,2026-02-03,-0.0225
SCHP,SCHWAB STR:US TIPS,,2026-02-03,0.0011
SD,"SANDRIDGE ENERGY, INC.",,2026-02-03,0.0184
SDY,SPDR S&P DIVIDEND,,2026-02-03,0.0084
SILJ,ETFMG PRIME JR SILVR MNR,,2026-02-03,0.0701
SLV,ISHARES:SILVER TRUST,,2026-02-03,0.0624
SM,SM ENERGY COMPANY,,2026-02-03,0.0053
SMH,VANECK:SEMICONDUCTOR,,2026-02-03,-0.0252
SOYB,TEUCRIUM:SOYBEAN,,2026-02-03,0.0059
SPHB,INVESCO S&P500 HI BE,,2026-02-03,-0.0091
SPLV,INVESCO S&P500 LOWVL,,2026-02-03,0.0058
SPX,S&P 500 INDEX,,2026-02-03,-0.0084
SPY,SPDR S&P 500 ETF,,2026-02-03,-0.0085
STLA,STELLANTIS NV,,2026-02-03,0.002
STNG,SCORPIO TANKERS INC.,,2026-02-03,0.0196
TAGS,TEUCRIUM:AGRICULTURAL,,2026-02-03,0.0102
TDW,TIDEWATER INC.,,2026-02-03,0.011
TECK,TECK RESOURCES LIMITED,,2026-02-03,0.0858
THD,ISHARES:MSCI THAI,,2026-02-03,0.0049
TS,TENARIS SA,,2026-02-03,0.0365
TUR,ISHARES:MSCI TURKEY,,2026-02-03,0.0097
URA,GLBL X URANIUM ETF,,2026-02-03,0.0565
URNM,SPROTT URANIUM MINERS,,2026-02-03,0.0662
UUP,INVESCO DB USD IDX BL,,2026-02-03,-0.0026
VAL,VALARIS LIMITED,,2026-02-03,0.0131
VIX,CBOE MKT VOLATILITY IDX,,2026-02-03,0.1016
VNM,VANECK:VIETNAM,,2026-02-03,-0.017
VXN,CBOE NASDAQ MKT VOL NDX,,2026-02-03,0.1046
WEAT,TEUCRIUM:WHEAT,,2026-02-03,0.0049
XES,SPDR S&P OIL&GAS E&S,,2026-02-03,0.0181
XLB,SEL SECTOR:MATRLS SPDR,,2026-02-03,0.0211
XLC,SEL SECTOR:COMM SVC SPDR,,2026-02-03,-0.0161
XLE,SEL SECTOR:ENERGY SPDR,,2026-02-03,0.0324
XLF,SEL SECTOR:FINL S SPDR,,2026-02-03,-0.0093
XLI,SEL SECTOR:INDUST SPDR,,2026-02-03,0.0084
XLK,SEL SECTOR:TECH SPDR,,2026-02-03,-0.0219
XLP,SEL SECTOR:C STP SPDR,,2026-02-03,0.0162
XLRE,SEL SECTOR:RL EST SPDR,,2026-02-03,-0.0037
XLU,SEL SECTOR:UTIL SPDR,,2026-02-03,0.0145
XLV,SEL SECTOR:H CARE SPDR,,2026-02-03,-0.0102
XLY,SEL SECTOR:C DSC SPDR,,2026-02-03,-0.008
XOP,SPDR S&P OIL&GAS EXP,,2026-02-03,0.0296
