Ticker,Ticker_name,Category,Date,Close,day_pct_change,week_pct_change,month_pct_change,quarter_pct_change
EDV,VANGUARD EXT DUR T;ETF,Bonds,2026-02-04,64.51,-0.0043,-0.0052,-0.0052,-0.0077
HYD,VANECK:HIGH YIELD MUNI,Bonds,2026-02-04,51.0,0.0004,-0.0022,-0.0022,-0.0023
HYG,ISHARES:IBOXX $HY CORP,Bonds,2026-02-04,80.62,-0.0012,-0.0062,-0.0062,-0.0001
IEF,ISHARES:7-10 TRS BD ETF,Bonds,2026-02-04,95.51,-0.0002,-0.0045,-0.0045,-0.0068
JNK,SPDR BBG HIGH YIELD BD,Bonds,2026-02-04,97.11,-0.0019,-0.0073,-0.0073,-0.001
LQD,ISHARES:IBOXX $IG CORP,Bonds,2026-02-04,109.97,-0.0013,-0.0054,-0.0054,-0.002
MUB,ISHARES:NATL MUNI BOND,Bonds,2026-02-04,107.62,-0.0001,-0.0021,-0.0021,0.0048
PFF,ISHARES:PREF AND INC SEC,Bonds,2026-02-04,31.44,0.0032,-0.0079,-0.0079,0.0155
SCHP,SCHWAB STR:US TIPS,Bonds,2026-02-04,26.58,-0.0008,-0.0023,-0.0023,0.0034
SHY,ISHARES:1-3 TRS BD ETF,Bonds,2026-02-04,82.73,0.0005,-0.0031,-0.0031,-0.0011
STIP,ISHARES:0-5 TIPS BD ETF,Bonds,2026-02-04,102.76,-0.0007,-0.0018,-0.0018,0.0036
TIP,ISHARES:TIPS BD ETF,Bonds,2026-02-04,110.25,-0.0011,-0.0021,-0.0021,0.0031
TLT,ISHARES:20+ TRS BD ETF,Bonds,2026-02-04,86.54,-0.0025,-0.0068,-0.0068,-0.0071
CANE,TEUCRIUM:SUGAR,Commodities,2026-02-04,9.35,-0.0095,0.0119,0.0119,-0.042
COMT,ISHARES:GSCI COMM DYN RS,Commodities,2026-02-04,27.04,0.0015,-0.0139,-0.0139,0.0859
CORN,TEUCRIUM:CORN,Commodities,2026-02-04,17.39,0.0012,-0.0051,-0.0051,-0.0192
CPER,UNITED STATES COPPER IDX,Commodities,2026-02-04,36.29,-0.0318,-0.0038,-0.0038,0.038
DBA,INVESCO DB MS AGRI,Commodities,2026-02-04,25.71,-0.0016,0.0019,0.0019,0.0074
DBB,INVESCO DB MS BMTL,Commodities,2026-02-04,23.69,-0.019,-0.0129,-0.0129,0.0327
DBC,INVESCO DB CM IDX,Commodities,2026-02-04,24.19,0.0017,-0.0098,-0.0098,0.0818
GDX,VANECK:GOLD MINERS,Commodities,2026-02-04,98.7,0.0049,0.0478,0.0478,0.1508
GDXJ,VANECK:JR GOLD MINERS,Commodities,2026-02-04,130.35,0.0038,0.0504,0.0504,0.1456
GLD,SPDR GOLD,Commodities,2026-02-04,453.97,-0.0007,0.0203,0.0203,0.1455
PPLT,ABRDN:PHYSICAL PLATINUM,Commodities,2026-02-04,201.41,-0.0058,0.0327,0.0327,0.0804
SILJ,ETFMG PRIME JR SILVR MNR,Commodities,2026-02-04,33.47,-0.0077,0.0525,0.0525,0.2096
SLV,ISHARES:SILVER TRUST,Commodities,2026-02-04,79.18,0.0288,0.0496,0.0496,0.2291
SOYB,TEUCRIUM:SOYBEAN,Commodities,2026-02-04,22.62,0.0166,0.0171,0.0171,0.0348
TAGS,TEUCRIUM:AGRICULTURAL,Commodities,2026-02-04,22.91,0.0009,0.0013,0.0013,-0.0004
UNG,UNITED STATES NAT GAS,Commodities,2026-02-04,13.46,0.037,-0.2036,-0.2036,0.0979
URA,GLBL X URANIUM ETF,Commodities,2026-02-04,52.39,-0.0691,-0.0473,-0.0473,0.2261
USO,UNITED STATES OIL FUND,Commodities,2026-02-04,77.88,0.0053,-0.0206,-0.0206,0.1261
WEAT,TEUCRIUM:WHEAT,Commodities,2026-02-04,20.6,-0.0034,-0.0176,-0.0176,0.0315
CHTR,"CHARTER COMMUNICATIONS, INC.",Communication Services,2026-02-04,224.18,0.0538,0.0876,0.0876,0.0739
CMCSA,COMCAST ,Communication Services,2026-02-04,30.5,0.0249,0.0252,0.0252,0.0204
DIS,THE WALT DISNEY COMPANY,Communication Services,2026-02-04,107.05,0.0272,-0.051,-0.051,-0.0591
EA,ELECTRONIC ARTS INC.,Communication Services,2026-02-04,196.84,-0.0226,-0.0347,-0.0347,-0.0367
FOXA,FOX ,Communication Services,2026-02-04,67.73,-0.0361,-0.0694,-0.0694,-0.0731
GOOGL,ALPHABET INC.,Communication Services,2026-02-04,333.04,-0.0196,-0.0147,-0.0147,0.064
LYV,"LIVE NATION ENTERTAINMENT, INC.",Communication Services,2026-02-04,142.46,0.0079,-0.0206,-0.0206,-0.0003
META,"META PLATFORMS, INC.",Communication Services,2026-02-04,668.99,-0.0328,-0.0663,-0.0663,0.0135
MTCH,"MATCH GROUP, INC.",Communication Services,2026-02-04,30.61,0.0592,-0.0173,-0.0173,-0.052
NFLX,"NETFLIX, INC.",Communication Services,2026-02-04,80.16,0.0028,-0.0399,-0.0399,-0.1451
NWSA,NEWS CORP.,Communication Services,2026-02-04,24.69,-0.0128,-0.0866,-0.0866,-0.0547
OMC,OMNICOM GROUP INC.,Communication Services,2026-02-04,69.14,0.0169,-0.1025,-0.1025,-0.1438
PSKY,PARAMOUNT SKYDANCE ,Communication Services,2026-02-04,10.75,-0.0056,-0.041,-0.041,-0.1978
T,AT&T INC.,Communication Services,2026-02-04,27.22,0.0145,0.0385,0.0385,0.0958
TKO,"TKO GROUP HOLDINGS, INC.",Communication Services,2026-02-04,206.53,0.0168,0.0195,0.0195,-0.0118
TMUS,"T-MOBILE US, INC.",Communication Services,2026-02-04,201.79,0.0208,0.0232,0.0232,-0.0062
TTD,"THE TRADE DESK, INC.",Communication Services,2026-02-04,27.27,0.0033,-0.1009,-0.1009,-0.2816
TTWO,"TAKE-TWO INTERACTIVE SOFTWARE, INC.",Communication Services,2026-02-04,200.76,-0.0538,-0.0887,-0.0887,-0.2159
VZ,VERIZON COMMUNICATIONS INC.,Communication Services,2026-02-04,47.01,0.0164,0.0559,0.0559,0.1542
WBD,"WARNER BROS. DISCOVERY, INC.",Communication Services,2026-02-04,27.03,-0.0059,-0.0185,-0.0185,-0.0621
ABNB,"AIRBNB, INC.",Consumer Discretionary,2026-02-04,124.61,0.0207,-0.0368,-0.0368,-0.0819
AMZN,"AMAZON.COM, INC.",Consumer Discretionary,2026-02-04,232.99,-0.0236,-0.0264,-0.0264,0.0094
APTV,APTIV PLC,Consumer Discretionary,2026-02-04,81.01,0.0359,0.0694,0.0694,0.0647
AZO,"AUTOZONE, INC.",Consumer Discretionary,2026-02-04,3720.5,0.0133,0.0044,0.0044,0.097
BBY,"BEST BUY CO., INC.",Consumer Discretionary,2026-02-04,68.5,0.0447,0.0522,0.0522,0.0235
BKNG,BOOKING HOLDINGS INC.,Consumer Discretionary,2026-02-04,4607.13,-0.0081,-0.0789,-0.0789,-0.1397
CCL,CARNIVAL CORP,Consumer Discretionary,2026-02-04,32.09,0.0047,0.069,0.069,0.0508
CMG,"CHIPOTLE MEXICAN GRILL, INC.",Consumer Discretionary,2026-02-04,39.93,0.0194,0.0273,0.0273,0.0792
CVNA,CARVANA CO.,Consumer Discretionary,2026-02-04,393.04,-0.0422,-0.0201,-0.0201,-0.0687
DASH,"DOORDASH, INC.",Consumer Discretionary,2026-02-04,195.83,-0.0305,-0.043,-0.043,-0.1353
DECK,DECKERS OUTDOOR ,Consumer Discretionary,2026-02-04,112.25,-0.0096,-0.0594,-0.0594,0.0828
DHI,"D.R. HORTON, INC.",Consumer Discretionary,2026-02-04,158.22,0.0285,0.063,0.063,0.0985
DPZ,"DOMINO'S PIZZA, INC.",Consumer Discretionary,2026-02-04,401.73,0.0015,-0.021,-0.021,-0.0362
DRI,"DARDEN RESTAURANTS, INC.",Consumer Discretionary,2026-02-04,212.22,0.0328,0.0646,0.0646,0.1532
EBAY,EBAY INC.,Consumer Discretionary,2026-02-04,85.84,-0.0708,-0.059,-0.059,-0.0145
EXPE,"EXPEDIA GROUP, INC.",Consumer Discretionary,2026-02-04,236.48,0.0086,-0.1071,-0.1071,-0.1653
F,FORD MOTOR COMPANY,Consumer Discretionary,2026-02-04,13.82,0.0066,-0.0043,-0.0043,0.0534
GM,GENERAL MOTORS COMPANY,Consumer Discretionary,2026-02-04,86.29,0.0068,0.0273,0.0273,0.0611
GPC,GENUINE PARTS COMPANY,Consumer Discretionary,2026-02-04,147.95,0.0358,0.0645,0.0645,0.2032
GRMN,GARMIN LTD,Consumer Discretionary,2026-02-04,205.26,0.0201,0.018,0.018,0.0119
HAS,"HASBRO, INC.",Consumer Discretionary,2026-02-04,96.59,0.0204,0.0815,0.0815,0.1779
HD,"THE HOME DEPOT, INC.",Consumer Discretionary,2026-02-04,387.2,0.016,0.0337,0.0337,0.1253
HLT,HILTON WORLDWIDE HOLDINGS INC.,Consumer Discretionary,2026-02-04,308.81,0.0138,0.0345,0.0345,0.0751
LEN,LENNAR ,Consumer Discretionary,2026-02-04,115.27,0.0243,0.0541,0.0541,0.1213
LOW,"LOWE'S COMPANIES, INC.",Consumer Discretionary,2026-02-04,275.85,0.0036,0.0329,0.0329,0.1438
LULU,LULULEMON ATHLETICA INC.,Consumer Discretionary,2026-02-04,178.0,0.0375,0.0201,0.0201,-0.1434
LVS,LAS VEGAS SANDS CORP.,Consumer Discretionary,2026-02-04,57.5,0.0098,0.0905,0.0905,-0.1166
MAR,"MARRIOTT INTERNATIONAL, INC.",Consumer Discretionary,2026-02-04,324.56,0.0193,0.0294,0.0294,0.0462
MCD,MCDONALD'S ,Consumer Discretionary,2026-02-04,323.69,0.0132,0.0276,0.0276,0.0591
MGM,MGM RESORTS INTERNATIONAL,Consumer Discretionary,2026-02-04,36.93,0.0808,0.1011,0.1011,0.0121
NCLH,NORWEGIAN CRUISE LINE HOLDINGS LTD.,Consumer Discretionary,2026-02-04,22.29,-0.0098,0.015,0.015,-0.0013
NKE,"NIKE, INC.",Consumer Discretionary,2026-02-04,64.22,0.054,0.039,0.039,0.008
NVR,"NVR, INC.",Consumer Discretionary,2026-02-04,8025.84,0.0328,0.0511,0.0511,0.1005
ORLY,"O'REILLY AUTOMOTIVE, INC.",Consumer Discretionary,2026-02-04,96.74,-0.0037,-0.017,-0.017,0.0606
PHM,"PULTEGROUP, INC.",Consumer Discretionary,2026-02-04,134.57,0.0315,0.0758,0.0758,0.1476
POOL,POOL ,Consumer Discretionary,2026-02-04,260.42,0.0295,0.0249,0.0249,0.1384
RCL,ROYAL CARIBBEAN CRUISES LTD.,Consumer Discretionary,2026-02-04,328.65,0.0072,0.0123,0.0123,0.1783
RL,RALPH LAUREN ,Consumer Discretionary,2026-02-04,354.7,0.0019,0.0037,0.0037,0.0031
ROST,"ROSS STORES, INC.",Consumer Discretionary,2026-02-04,189.27,-0.0097,0.0033,0.0033,0.0507
SBUX,STARBUCKS ,Consumer Discretionary,2026-02-04,96.97,0.0422,0.0546,0.0546,0.1515
TJX,"THE TJX COMPANIES, INC.",Consumer Discretionary,2026-02-04,153.94,0.0123,0.0276,0.0276,0.0021
TPR,"TAPESTRY, INC.",Consumer Discretionary,2026-02-04,129.92,0.0228,0.0237,0.0237,0.0168
TSCO,TRACTOR SUPPLY COMPANY,Consumer Discretionary,2026-02-04,55.28,0.0339,0.0865,0.0865,0.1054
TSLA,"TESLA, INC.",Consumer Discretionary,2026-02-04,406.01,-0.0378,-0.0567,-0.0567,-0.0972
ULTA,"ULTA BEAUTY, INC.",Consumer Discretionary,2026-02-04,678.64,0.0078,0.0483,0.0483,0.1217
WSM,"WILLIAMS-SONOMA, INC.",Consumer Discretionary,2026-02-04,215.83,-0.0009,0.0546,0.0546,0.2085
WYNN,"WYNN RESORTS, LIMITED",Consumer Discretionary,2026-02-04,114.21,0.0452,0.0629,0.0629,-0.0509
YUM,"YUM! BRANDS, INC.",Consumer Discretionary,2026-02-04,159.57,0.0052,0.0262,0.0262,0.0548
ADM,ARCHER-DANIELS-MIDLAND COMPANY.,Consumer Staples,2026-02-04,67.34,-0.0007,0.0004,0.0004,0.1713
BF.B,BROWN-FORMAN ,Consumer Staples,2026-02-04,29.29,0.0405,0.0701,0.0701,0.1239
BG,BUNGE LIMITED,Consumer Staples,2026-02-04,117.23,0.003,0.0294,0.0294,0.316
CAG,"CONAGRA BRANDS, INC.",Consumer Staples,2026-02-04,19.8,0.0361,0.0697,0.0697,0.1438
CHD,"CHURCH & DWIGHT CO., INC.",Consumer Staples,2026-02-04,100.59,0.0184,0.0451,0.0451,0.1996
CL,COLGATE-PALMOLIVE COMPANY,Consumer Staples,2026-02-04,94.37,0.0131,0.0452,0.0452,0.1943
CLX,THE CLOROX COMPANY,Consumer Staples,2026-02-04,117.77,0.0243,0.0442,0.0442,0.168
COST,COSTCO WHOLESALE ,Consumer Staples,2026-02-04,978.35,0.0004,0.0405,0.0405,0.1345
CPB,CAMPBELL SOUP COMPANY,Consumer Staples,2026-02-04,28.43,0.0569,0.0161,0.0161,0.0201
DG,DOLLAR GENERAL ,Consumer Staples,2026-02-04,149.25,0.0082,0.0406,0.0406,0.1241
DLTR,"DOLLAR TREE, INC.",Consumer Staples,2026-02-04,121.83,0.0179,0.0361,0.0361,-0.0096
EL,THE ESTEE LAUDER COMPANIES INC.,Consumer Staples,2026-02-04,119.61,0.0287,0.0376,0.0376,0.1422
GIS,"GENERAL MILLS, INC.",Consumer Staples,2026-02-04,48.5,0.043,0.0484,0.0484,0.043
HRL,HORMEL FOODS ,Consumer Staples,2026-02-04,25.3,0.0276,0.028,0.028,0.0675
HSY,THE HERSHEY COMPANY,Consumer Staples,2026-02-04,205.79,0.0214,0.0567,0.0567,0.1308
KDP,KEURIG DR PEPPER INC.,Consumer Staples,2026-02-04,28.45,0.0172,0.0368,0.0368,0.0157
KHC,THE KRAFT HEINZ COMPANY,Consumer Staples,2026-02-04,24.48,0.0256,0.0312,0.0312,0.0095
KMB,KIMBERLY-CLARK ,Consumer Staples,2026-02-04,103.21,0.0242,0.0322,0.0322,0.023
KO,THE COCA-COLA COMPANY,Consumer Staples,2026-02-04,77.35,0.006,0.034,0.034,0.1064
KR,THE KROGER CO.,Consumer Staples,2026-02-04,66.8,0.041,0.0628,0.0628,0.0691
KVUE,KENVUE INC.,Consumer Staples,2026-02-04,18.01,0.0239,0.0351,0.0351,0.0441
LW,"LAMB WESTON HOLDINGS, INC.",Consumer Staples,2026-02-04,47.78,0.0322,0.0403,0.0403,0.1406
MDLZ,"MONDELEZ INTERNATIONAL, INC.",Consumer Staples,2026-02-04,59.4,-0.0012,0.0159,0.0159,0.1035
MKC,"MCCORMICK & COMPANY, INC.",Consumer Staples,2026-02-04,66.58,0.052,0.0768,0.0768,-0.0225
MNST,MONSTER BEVERAGE ,Consumer Staples,2026-02-04,81.44,-0.0065,0.0084,0.0084,0.0622
MO,"ALTRIA GROUP, INC.",Consumer Staples,2026-02-04,65.16,0.0156,0.0511,0.0511,0.1301
PEP,"PEPSICO, INC.",Consumer Staples,2026-02-04,166.18,0.0204,0.0817,0.0817,0.1579
PG,THE PROCTER & GAMBLE COMPANY,Consumer Staples,2026-02-04,156.87,0.01,0.0336,0.0336,0.0946
PM,PHILIP MORRIS INTERNATIONAL INC.,Consumer Staples,2026-02-04,180.39,0.0192,0.0053,0.0053,0.1246
SJM,THE J. M. SMUCKER COMPANY,Consumer Staples,2026-02-04,108.53,0.0252,0.035,0.035,0.1096
STZ,"CONSTELLATION BRANDS, INC.",Consumer Staples,2026-02-04,166.68,0.0377,0.0637,0.0637,0.2082
SYY,SYSCO ,Consumer Staples,2026-02-04,84.65,0.0004,0.0095,0.0095,0.1487
TAP,MOLSON COORS BEVERAGE COMPANY,Consumer Staples,2026-02-04,51.31,0.0403,0.0681,0.0681,0.0992
TGT,TARGET ,Consumer Staples,2026-02-04,114.13,0.0254,0.0821,0.0821,0.1676
TSN,"TYSON FOODS, INC.",Consumer Staples,2026-02-04,65.0,0.0037,-0.0051,-0.0051,0.1088
WMT,WALMART INC.,Consumer Staples,2026-02-04,128.0,0.0023,0.0744,0.0744,0.1489
FXA,INVESCO:AU DOLLAR,Currencies,2026-02-04,69.26,-0.0037,0.0038,0.0038,0.0478
FXB,INVESCO:GBP STERLING,Currencies,2026-02-04,131.15,-0.0035,-0.0037,-0.0037,0.0108
FXC,INVESCO:CANADIAN DOLLAR,Currencies,2026-02-04,71.52,-0.002,-0.0038,-0.0038,0.0048
FXE,INVESCO:EURO,Currencies,2026-02-04,108.94,-0.0012,-0.0048,-0.0048,0.0044
FXY,INVESCO:JAPANESE YEN,Currencies,2026-02-04,58.59,-0.008,-0.014,-0.014,-0.0014
UUP,INVESCO DB USD IDX BL,Currencies,2026-02-04,27.01,0.0033,0.006,0.006,-0.0007
APA,APA ,Energy,2026-02-04,27.38,0.0348,0.0367,0.0367,0.1194
BKR,BAKER HUGHES COMPANY,Energy,2026-02-04,59.17,0.0202,0.0559,0.0559,0.2993
COP,CONOCOPHILLIPS,Energy,2026-02-04,107.59,0.0255,0.0322,0.0322,0.1493
CTRA,COTERRA ENERGY INC.,Energy,2026-02-04,30.49,0.0536,0.0568,0.0568,0.1584
CVX,CHEVRON ,Energy,2026-02-04,181.23,0.0179,0.0245,0.0245,0.1891
DVN,DEVON ENERGY ,Energy,2026-02-04,43.39,0.0555,0.0791,0.0791,0.1845
EOG,"EOG RESOURCES, INC.",Energy,2026-02-04,114.67,0.0384,0.0227,0.0227,0.092
EQT,EQT ,Energy,2026-02-04,55.4,-0.0036,-0.0404,-0.0404,0.0336
EXE,EXPAND ENERGY ,Energy,2026-02-04,109.19,0.0064,-0.0286,-0.0286,-0.0106
FANG,"DIAMONDBACK ENERGY, INC.",Energy,2026-02-04,168.99,0.0375,0.0307,0.0307,0.1241
HAL,HALLIBURTON COMPANY,Energy,2026-02-04,34.34,0.0139,0.0245,0.0245,0.2151
KMI,"KINDER MORGAN, INC.",Energy,2026-02-04,30.06,-0.0086,-0.0141,-0.0141,0.0935
MPC,MARATHON PETROLEUM ,Energy,2026-02-04,195.92,0.0445,0.112,0.112,0.2047
OKE,"ONEOK, INC.",Energy,2026-02-04,80.34,0.0264,0.0145,0.0145,0.0931
OXY,OCCIDENTAL PETROLEUM ,Energy,2026-02-04,46.69,0.0316,0.0286,0.0286,0.1355
PSX,PHILLIPS 66,Energy,2026-02-04,154.69,0.0446,0.0775,0.0775,0.1988
SLB,SCHLUMBERGER N.V.,Energy,2026-02-04,51.35,0.032,0.0614,0.0614,0.3379
TPL,TEXAS PACIFIC LAND ,Energy,2026-02-04,346.47,0.0308,-0.0054,-0.0054,0.2063
TRGP,TARGA RESOURCES CORP.,Energy,2026-02-04,204.44,0.0039,0.0172,0.0172,0.1081
VLO,VALERO ENERGY ,Energy,2026-02-04,197.41,0.0267,0.0881,0.0881,0.2127
WMB,"THE WILLIAMS COMPANIES, INC.",Energy,2026-02-04,66.46,-0.0298,-0.0119,-0.0119,0.1056
XOM,EXXON MOBIL ,Energy,2026-02-04,147.59,0.0269,0.0438,0.0438,0.2264
ACGL,ARCH CAPITAL GROUP LTD.,Financials,2026-02-04,100.13,0.0342,0.0426,0.0426,0.0439
AFL,AFLAC INC.,Financials,2026-02-04,113.62,0.0141,0.0241,0.0241,0.0304
AIG,"AMERICAN INTERNATIONAL GROUP, INC.",Financials,2026-02-04,76.37,0.0302,0.0199,0.0199,-0.1073
AIZ,"ASSURANT, INC.",Financials,2026-02-04,241.31,0.0003,0.0134,0.0134,0.0019
AJG,ARTHUR J. GALLAGHER & CO.,Financials,2026-02-04,249.55,0.0073,0.0007,0.0007,-0.0357
ALL,THE ALLSTATE ,Financials,2026-02-04,207.12,0.0265,0.0409,0.0409,-0.0049
AMP,"AMERIPRISE FINANCIAL, INC.",Financials,2026-02-04,545.5,0.0291,0.0347,0.0347,0.1125
AON,AON PLC,Financials,2026-02-04,350.21,0.0097,0.0016,0.0016,-0.0076
APO,"APOLLO GLOBAL MANAGEMENT, INC.",Financials,2026-02-04,132.8,0.0469,-0.0129,-0.0129,-0.0826
ARES,ARES MANAGEMENT CORP,Financials,2026-02-04,137.22,0.0427,-0.0832,-0.0832,-0.151
AXP,AMERICAN EXPRESS COMPANY,Financials,2026-02-04,353.67,0.0116,0.0043,0.0043,-0.044
BAC,BANK OF AMERICA ,Financials,2026-02-04,55.38,0.0171,0.041,0.041,0.0069
BEN,"FRANKLIN RESOURCES, INC.",Financials,2026-02-04,27.83,0.0307,0.0455,0.0455,0.1649
BK,THE BANK OF NEW YORK MELLON ,Financials,2026-02-04,121.32,0.0168,0.0117,0.0117,0.0451
BLK,"BLACKROCK, INC.",Financials,2026-02-04,1076.16,0.0057,-0.0382,-0.0382,0.0054
BRK.B,"BERKSHIRE HATHAWAY INC.,",Financials,2026-02-04,503.83,0.0204,0.0485,0.0485,0.0023
BRO,"BROWN & BROWN, INC.",Financials,2026-02-04,74.03,0.0288,0.0268,0.0268,-0.0711
BX,BLACKSTONE INC,Financials,2026-02-04,134.54,0.0049,-0.0553,-0.0553,-0.1272
C,CITIGROUP INC.,Financials,2026-02-04,117.43,-0.0024,0.0149,0.0149,0.0063
CB,CHUBB LTD,Financials,2026-02-04,329.45,0.0513,0.0643,0.0643,0.0555
CBOE,"CBOE GLOBAL MARKETS, INC.",Financials,2026-02-04,271.2,0.0094,0.0232,0.0232,0.0805
CFG,"CITIZENS FINANCIAL GROUP, INC.",Financials,2026-02-04,66.6,0.0096,0.0575,0.0575,0.1402
CINF,CINCINNATI FINANCIAL ,Financials,2026-02-04,168.95,0.0312,0.0501,0.0501,0.0345
CME,CME GROUP INC.,Financials,2026-02-04,294.62,0.0053,0.0192,0.0192,0.0789
COF,CAPITAL ONE FINANCIAL ,Financials,2026-02-04,225.46,0.0095,0.0298,0.0298,-0.0697
COIN,"COINBASE GLOBAL, INC.",Financials,2026-02-04,168.62,-0.0614,-0.1341,-0.1341,-0.2544
CPAY,"FLEETCOR TECHNOLOGIES, INC.",Financials,2026-02-04,300.28,0.0275,-0.0456,-0.0456,-0.0022
EG,"EVEREST GROUP, LTD.",Financials,2026-02-04,333.42,0.0109,0.0065,0.0065,-0.0175
ERIE,ERIE INDEMNITY COMPANY,Financials,2026-02-04,286.38,0.0201,0.0119,0.0119,-0.0009
FDS,FACTSET RESEARCH SYSTEMS INC.,Financials,2026-02-04,225.43,0.0126,-0.1137,-0.1137,-0.2232
FIS,FIDELITY NATIONAL INFORMATION SERVICES,Financials,2026-02-04,51.57,0.0124,-0.0666,-0.0666,-0.224
FISV,"FISERV, INC.",Financials,2026-02-04,59.72,0.0275,-0.0629,-0.0629,-0.1109
FITB,FIFTH THIRD BANCORP,Financials,2026-02-04,54.09,0.0254,0.0771,0.0771,0.1555
GL,GLOBE LIFE INC.,Financials,2026-02-04,144.82,0.0081,0.0328,0.0328,0.0355
GPN,GLOBAL PAYMENTS INC.,Financials,2026-02-04,70.8,0.0534,-0.0131,-0.0131,-0.0853
GS,"THE GOLDMAN SACHS GROUP, INC.",Financials,2026-02-04,913.3,-0.0274,-0.0236,-0.0236,0.039
HBAN,HUNTINGTON BANCSHARES INC.,Financials,2026-02-04,19.02,0.0343,0.0881,0.0881,0.0963
HIG,THE HARTFORD FINANCIAL SERVICES GROUP,Financials,2026-02-04,140.86,0.0175,0.0429,0.0429,0.0222
HOOD,"ROBINHOOD MARKETS, INC.",Financials,2026-02-04,80.62,-0.0741,-0.1896,-0.1896,-0.2872
IBKR,"INTERACTIVE BROKERS GROUP, INC.",Financials,2026-02-04,73.44,-0.0199,-0.0192,-0.0192,0.142
ICE,"INTERCONTINENTAL EXCHANGE, INC.",Financials,2026-02-04,164.85,0.0109,-0.0514,-0.0514,0.0178
IVZ,INVESCO LTD.,Financials,2026-02-04,26.84,0.0117,-0.0165,-0.0165,0.0217
JKHY,"JACK HENRY & ASSOCIATES, INC.",Financials,2026-02-04,173.78,0.0459,-0.0303,-0.0303,-0.0477
JPM,JPMORGAN CHASE & CO.,Financials,2026-02-04,317.27,0.0077,0.0372,0.0372,-0.0154
KEY,KEYCORP,Financials,2026-02-04,22.65,0.0139,0.0525,0.0525,0.0974
KKR,KKR & CO. INC.,Financials,2026-02-04,104.77,0.0144,-0.0831,-0.0831,-0.1781
L,LOEWS ,Financials,2026-02-04,109.43,0.0188,0.0366,0.0366,0.0391
MA,MASTERCARD INC..,Financials,2026-02-04,553.52,0.0051,0.0273,0.0273,-0.0304
MCO,MOODY'S ,Financials,2026-02-04,461.21,-0.0209,-0.1054,-0.1054,-0.0972
MET,"METLIFE, INC.",Financials,2026-02-04,78.01,0.0144,-0.011,-0.011,-0.0118
MRSH,"MARSH & MCLENNAN COMPANIES, INC.",Financials,2026-02-04,189.75,0.0067,0.0083,0.0083,0.0228
MS,MORGAN STANLEY,Financials,2026-02-04,180.08,-0.0155,-0.0149,-0.0149,0.0144
MSCI,MSCI INC.,Financials,2026-02-04,571.02,-0.018,-0.0627,-0.0627,-0.0047
MTB,M&T BANK ,Financials,2026-02-04,232.26,0.0181,0.0482,0.0482,0.1528
NDAQ,"NASDAQ, INC.",Financials,2026-02-04,88.49,0.0089,-0.0867,-0.0867,-0.089
NTRS,NORTHERN TRUST ,Financials,2026-02-04,150.8,0.0064,0.0092,0.0092,0.104
PFG,"PRINCIPAL FINANCIAL GROUP, INC.",Financials,2026-02-04,96.4,0.0116,0.0177,0.0177,0.0928
PGR,THE PROGRESSIVE ,Financials,2026-02-04,205.54,0.0224,-0.0118,-0.0118,-0.0974
PNC,"THE PNC FINANCIAL SERVICES GROUP, INC.",Financials,2026-02-04,237.25,0.0147,0.0625,0.0625,0.1366
PRU,"PRUDENTIAL FINANCIAL, INC.",Financials,2026-02-04,102.17,-0.0467,-0.0805,-0.0805,-0.0949
PYPL,"PAYPAL HOLDINGS, INC.",Financials,2026-02-04,41.03,-0.0161,-0.2213,-0.2213,-0.2972
RF,REGIONS FINANCIAL ,Financials,2026-02-04,30.44,0.0204,0.0681,0.0681,0.1232
RJF,"RAYMOND JAMES FINANCIAL, INC.",Financials,2026-02-04,169.89,0.0222,0.0243,0.0243,0.0579
SCHW,THE CHARLES SCHWAB ,Financials,2026-02-04,103.88,0.0014,-0.0004,-0.0004,0.0397
SPGI,S&P GLOBAL INC.,Financials,2026-02-04,465.51,-0.0058,-0.118,-0.118,-0.1092
STT,STATE STREET ,Financials,2026-02-04,132.03,0.0149,0.0089,0.0089,0.0234
SYF,SYNCHRONY FINANCIAL,Financials,2026-02-04,75.22,0.0179,0.0357,0.0357,-0.0984
TFC,TRUIST FINANCIAL ,Financials,2026-02-04,55.11,0.02,0.0718,0.0718,0.1199
TROW,"T. ROWE PRICE GROUP, INC.",Financials,2026-02-04,97.02,-0.0549,-0.0819,-0.0819,-0.0524
TRV,"THE TRAVELERS COMPANIES, INC.",Financials,2026-02-04,295.22,0.0243,0.0376,0.0376,0.0178
USB,U.S. BANCORP,Financials,2026-02-04,59.42,0.0124,0.059,0.059,0.1136
V,VISA INC.,Financials,2026-02-04,329.95,0.0031,0.0252,0.0252,-0.0592
WFC,WELLS FARGO & COMPANY,Financials,2026-02-04,93.14,0.009,0.0293,0.0293,-0.0006
WRB,W. R. BERKLEY ,Financials,2026-02-04,70.19,0.0145,0.0235,0.0235,0.001
WTW,WILLIS TOWERS WATSON,Financials,2026-02-04,339.74,0.0138,0.0701,0.0701,0.0339
XYZ,"BLOCK, INC.",Financials,2026-02-04,57.43,0.0113,-0.0496,-0.0496,-0.1177
ECH,ISHARES:MSCI CHILE,Foreign,2026-02-04,45.66,-0.0324,0.0093,0.0093,0.1302
EDEN,ISHARES:MSCI DENMARK,Foreign,2026-02-04,116.61,-0.0147,-0.0437,-0.0437,0.0187
EFNL,ISHARES:MSCI FINLAND,Foreign,2026-02-04,50.3,0.0018,0.0226,0.0226,0.0519
EIDO,ISHARES:MSCI INDONESIA,Foreign,2026-02-04,17.79,0.0114,0.0079,0.0079,-0.0487
EIRL,ISHARES:MSCI IRELAND,Foreign,2026-02-04,77.11,0.0114,0.023,0.023,0.049
EIS,ISHARES:MSCI ISRAEL,Foreign,2026-02-04,120.65,-0.007,0.014,0.014,0.0965
ENZL,ISHARES:MSCI NEW ZLND,Foreign,2026-02-04,46.72,-0.011,-0.0047,-0.0047,0.032
EPHE,ISHARES:MSCI PHILIPPINES,Foreign,2026-02-04,26.33,-0.0045,0.0139,0.0139,0.0566
EPOL,ISHARES:MSCI POLAND,Foreign,2026-02-04,38.28,-0.0018,0.0184,0.0184,0.0878
EPU,ISHARES:MSCI PERU,Foreign,2026-02-04,88.38,-0.0323,0.0206,0.0206,0.2216
EWA,ISHARES:MSCI AUSTRALIA,Foreign,2026-02-04,28.35,0.0082,0.0216,0.0216,0.0825
EWC,ISHARES:MSCI CANADA,Foreign,2026-02-04,55.01,0.0031,0.0138,0.0138,0.02
EWD,ISHARES:MSCI SWEDEN,Foreign,2026-02-04,52.92,-0.0058,0.0124,0.0124,0.075
EWG,ISHARES:MSCI GERMANY,Foreign,2026-02-04,43.25,-0.006,0.0032,0.0032,0.0176
EWH,ISHARES:MSCI HONG KONG,Foreign,2026-02-04,23.5,0.0056,0.0051,0.0051,0.1059
EWI,ISHARES:MSCI ITALY,Foreign,2026-02-04,56.95,0.0004,0.0191,0.0191,0.0482
EWJ,ISHARES:MSCI JAPAN,Foreign,2026-02-04,87.49,0.0093,0.0206,0.0206,0.0836
EWK,ISHARES:MSCI BELGIUM,Foreign,2026-02-04,26.7,0.0095,0.0238,0.0238,0.0988
EWL,ISHARES:MSCI SWITZERLAND,Foreign,2026-02-04,62.47,0.0094,0.0151,0.0151,0.0419
EWM,ISHARES:MSCI MALAYSIA,Foreign,2026-02-04,29.49,0.0024,0.0106,0.0106,0.0779
EWN,ISHARES:MSCI NETHERLANDS,Foreign,2026-02-04,61.07,-0.0134,-0.0193,-0.0193,0.0708
EWO,ISHARES:MSCI AUSTRIA,Foreign,2026-02-04,38.56,0.0016,0.0264,0.0264,0.0871
EWP,ISHARES:MSCI SPAIN,Foreign,2026-02-04,56.68,0.0076,0.0069,0.0069,0.0514
EWQ,ISHARES:MSCI FRANCE,Foreign,2026-02-04,46.03,0.0074,0.015,0.015,0.0231
EWS,ISHARES:MSCI SINGAPORE,Foreign,2026-02-04,28.11,0.0036,-0.0035,-0.0035,0.0218
EWT,ISHARES:MSCI TAIWAN,Foreign,2026-02-04,68.15,-0.0099,0.0013,0.0013,0.0727
EWU,ISHARES:MSCI UK,Foreign,2026-02-04,47.05,0.0125,0.0193,0.0193,0.0698
EWW,ISHARES:MSCI MEXICO,Foreign,2026-02-04,77.22,-0.0196,0.028,0.028,0.1138
EWY,ISHARES:MSCI S KOREA,Foreign,2026-02-04,120.26,-0.0327,-0.0176,-0.0176,0.237
EWZ,ISHARES:MSCI BRAZIL,Foreign,2026-02-04,36.98,-0.0279,-0.0016,-0.0016,0.164
GREK,GLBL X MSCI GREECE,Foreign,2026-02-04,76.09,0.0009,0.0317,0.0317,0.1545
INDA,ISHARES:MSCI INDIA,Foreign,2026-02-04,53.44,0.0055,0.0329,0.0329,-0.0113
MCHI,ISHARES:MSCI CHINA,Foreign,2026-02-04,60.31,-0.0124,-0.0335,-0.0335,0.004
NORW,GLBL X MSCI NORWAY ETF,Foreign,2026-02-04,32.66,-0.0088,0.0018,0.0018,0.0872
QAT,ISHARES:MSCI QATAR,Foreign,2026-02-04,19.96,0.002,0.0127,0.0127,0.0606
THD,ISHARES:MSCI THAI,Foreign,2026-02-04,64.05,0.0115,0.0141,0.0141,0.0734
TUR,ISHARES:MSCI TURKEY,Foreign,2026-02-04,41.37,-0.0041,0.0029,0.0029,0.2019
VNM,VANECK:VIETNAM,Foreign,2026-02-04,18.61,0.0087,-0.0241,-0.0241,-0.0246
BTC=F,BITCOIN FUTURES,Futures,2026-02-04,73030.0,-0.0391,-0.1227,-0.1227,-0.1712
ES=F,E-MINI S&P 500 FUTURES,Futures,2026-02-04,6926.75,-0.0022,-0.007,-0.007,0.0048
NQ=F,NASDAQ 100 FUTURES,Futures,2026-02-04,25112.75,-0.0126,-0.0289,-0.0289,-0.0127
A,"AGILENT TECHNOLOGIES, INC.",Health Care,2026-02-04,132.98,0.0064,-0.0065,-0.0065,-0.0227
ABBV,ABBVIE INC.,Health Care,2026-02-04,217.11,-0.0379,-0.0265,-0.0265,-0.0498
ABT,ABBOTT LABORATORIES,Health Care,2026-02-04,108.2,-0.0075,-0.0101,-0.0101,-0.1364
ALGN,"ALIGN TECHNOLOGY, INC.",Health Care,2026-02-04,161.3,0.0271,-0.0106,-0.0106,0.033
AMGN,AMGEN INC.,Health Care,2026-02-04,366.2,0.0815,0.0711,0.0711,0.1188
BAX,BAXTER INTERNATIONAL INC.,Health Care,2026-02-04,21.03,0.0563,0.0478,0.0478,0.1005
BDX,"BECTON, DICKINSON AND COMPANY",Health Care,2026-02-04,207.87,0.0066,0.0216,0.0216,0.0711
BIIB,BIOGEN INC.,Health Care,2026-02-04,185.45,0.0492,0.0309,0.0309,0.0538
BMY,BRISTOL-MYERS SQUIBB COMPANY,Health Care,2026-02-04,57.62,0.0291,0.0467,0.0467,0.0682
BSX,BOSTON SCIENTIFIC ,Health Care,2026-02-04,75.5,-0.1759,-0.1928,-0.1928,-0.2082
CAH,"CARDINAL HEALTH, INC.",Health Care,2026-02-04,206.85,-0.0511,-0.0374,-0.0374,0.0066
CI,THE CIGNA GROUP,Health Care,2026-02-04,271.71,-0.0134,-0.0088,-0.0088,-0.0128
CNC,CENTENE ,Health Care,2026-02-04,40.96,-0.0365,-0.0545,-0.0545,-0.0046
COO,"THE COOPER COMPANIES, INC.",Health Care,2026-02-04,80.92,0.02,-0.0057,-0.0057,-0.0127
COR,"CENCORA, INC.",Health Care,2026-02-04,329.97,-0.0879,-0.0814,-0.0814,-0.023
CRL,CHARLES RIVER LABORATORIES,Health Care,2026-02-04,201.62,0.001,-0.0421,-0.0421,0.0107
CVS,CVS HEALTH ,Health Care,2026-02-04,75.24,-0.0207,0.0097,0.0097,-0.0519
DGX,QUEST DIAGNOSTICS INC.,Health Care,2026-02-04,189.23,0.0219,0.0118,0.0118,0.0905
DHR,DANAHER ,Health Care,2026-02-04,219.53,0.0135,0.0029,0.0029,-0.041
DVA,DAVITA INC.,Health Care,2026-02-04,142.06,0.0544,0.2993,0.2993,0.2504
DXCM,"DEXCOM, INC.",Health Care,2026-02-04,70.82,-0.0113,-0.0304,-0.0304,0.067
ELV,"ELEVANCE HEALTH, INC.",Health Care,2026-02-04,340.6,0.0058,-0.0149,-0.0149,-0.0284
EW,EDWARDS LIFESCIENCES ,Health Care,2026-02-04,79.77,-0.0284,-0.0195,-0.0195,-0.0643
GEHC,GE HEALTHCARE TECHNOLOGIES INC.,Health Care,2026-02-04,82.63,0.0489,0.0463,0.0463,0.0074
GILD,"GILEAD SCIENCES, INC.",Health Care,2026-02-04,146.23,0.0206,0.0302,0.0302,0.1914
HCA,"HCA HEALTHCARE, INC.",Health Care,2026-02-04,493.64,-0.0112,0.011,0.011,0.0574
HOLX,"HOLOGIC, INC.",Health Care,2026-02-04,74.59,-0.0005,-0.0045,-0.0045,0.0013
HSIC,"HENRY SCHEIN, INC.",Health Care,2026-02-04,75.26,0.029,-0.0029,-0.0029,-0.0042
HUM,HUMANA INC.,Health Care,2026-02-04,192.07,-0.0049,-0.016,-0.016,-0.2501
IDXX,"IDEXX LABORATORIES, INC.",Health Care,2026-02-04,642.94,0.0164,-0.041,-0.041,-0.0497
INCY,INCYTE ,Health Care,2026-02-04,102.6,0.0166,0.0253,0.0253,0.0388
IQV,IQVIA HOLDINGS INC,Health Care,2026-02-04,202.54,-0.006,-0.12,-0.12,-0.1015
ISRG,"INTUITIVE SURGICAL, INC.",Health Care,2026-02-04,478.49,-0.0008,-0.051,-0.051,-0.1551
JNJ,JOHNSON & JOHNSON,Health Care,2026-02-04,234.47,0.0059,0.0318,0.0318,0.133
LH,LABORATORY  OF AMERICA HOLDINGS,Health Care,2026-02-04,276.16,0.0145,0.0171,0.0171,0.1008
LLY,ELI LILLY AND COMPANY,Health Care,2026-02-04,1107.12,0.1033,0.0675,0.0675,0.0302
MCK,MCKESSON ,Health Care,2026-02-04,822.0,-0.0342,-0.0111,-0.0111,0.0021
MDT,MEDTRONIC PUBLIC LIMITED COMPANY,Health Care,2026-02-04,101.84,-0.013,-0.0109,-0.0109,0.0602
MOH,"MOLINA HEALTHCARE, INC.",Health Care,2026-02-04,178.04,-0.0185,-0.0086,-0.0086,0.0259
MRK,"MERCK & CO., INC.",Health Care,2026-02-04,118.33,0.0215,0.0731,0.0731,0.1242
MRNA,"MODERNA, INC.",Health Care,2026-02-04,42.77,0.0135,-0.0295,-0.0295,0.4503
MTD,METTLER-TOLEDO INTERNATIONAL INC.,Health Care,2026-02-04,1389.73,0.0145,0.012,0.012,-0.0032
PFE,PFIZER INC.,Health Care,2026-02-04,26.78,0.0392,0.0129,0.0129,0.0755
PODD,INSULET ,Health Care,2026-02-04,251.24,0.0001,-0.0179,-0.0179,-0.1161
REGN,"REGENERON PHARMACEUTICALS, INC.",Health Care,2026-02-04,775.06,0.0209,0.0453,0.0453,0.0041
RMD,RESMED INC.,Health Care,2026-02-04,263.03,0.0462,0.0183,0.0183,0.092
RVTY,"REVVITY, INC.",Health Care,2026-02-04,103.83,0.0267,-0.0457,-0.0457,0.0732
SOLV,SOLVENTUM ,Health Care,2026-02-04,76.49,0.0098,-0.0062,-0.0062,-0.0347
STE,STERIS PUBLIC LIMITED COMPANY,Health Care,2026-02-04,264.27,0.0099,0.0064,0.0064,0.0424
SYK,STRYKER ,Health Care,2026-02-04,360.66,-0.0004,-0.0241,-0.0241,0.0261
TECH,BIO-TECHNE ,Health Care,2026-02-04,68.67,0.0625,0.0715,0.0715,0.1677
TMO,THERMO FISHER SCIENTIFIC INC.,Health Care,2026-02-04,565.22,-0.0085,-0.0231,-0.0231,-0.0246
UHS,"UNIVERSAL HEALTH SERVICES, INC.",Health Care,2026-02-04,206.46,-0.0025,0.0258,0.0258,-0.053
UNH,UNITEDHEALTH GROUP INC.,Health Care,2026-02-04,275.92,-0.0291,-0.0384,-0.0384,-0.1642
VRTX,VERTEX PHARMACEUTICALS INC.,Health Care,2026-02-04,470.52,0.0105,0.0013,0.0013,0.0379
VTRS,VIATRIS INC.,Health Care,2026-02-04,14.36,0.0497,0.097,0.097,0.1534
WAT,WATERS ,Health Care,2026-02-04,384.33,0.0142,0.0367,0.0367,0.0118
WST,"WEST PHARMACEUTICAL SERVICES, INC.",Health Care,2026-02-04,237.05,0.0264,0.0257,0.0257,-0.1384
ZBH,"ZIMMER BIOMET HOLDINGS, INC.",Health Care,2026-02-04,88.09,0.0222,0.0117,0.0117,-0.0204
ZTS,ZOETIS INC.,Health Care,2026-02-04,126.7,0.035,0.0151,0.0151,0.007
DJI,DOW JONES INDUSTRIAL AVG INDEX,Indices,2026-02-04,49501.3,0.0053,0.0125,0.0125,0.0299
DXY,US DOLLAR INDEX,Indices,2026-02-04,97.68,0.0024,0.0093,0.0093,-0.0061
NDX,NASDAQ 100 INDEX,Indices,2026-02-04,24891.24,-0.0177,-0.0259,-0.0259,-0.0142
RUT,RUSSELL 2000 INDEX,Indices,2026-02-04,2624.55,-0.009,-0.0008,-0.0008,0.0575
SPX,S&P 500 INDEX,Indices,2026-02-04,6882.72,-0.0051,-0.0081,-0.0081,0.0054
ADP,"AUTOMATIC DATA PROCESSING, INC.",Industrials,2026-02-04,234.67,-0.0017,-0.0492,-0.0492,-0.0877
ALLE,ALLEGION PUBLIC LIMITED COMPANY,Industrials,2026-02-04,173.04,0.031,0.0463,0.0463,0.0868
AME,"AMETEK, INC.",Industrials,2026-02-04,227.83,-0.0048,0.0172,0.0172,0.1097
AOS,A. O. SMITH ,Industrials,2026-02-04,78.37,0.0266,0.0664,0.0664,0.1718
AXON,"AXON ENTERPRISE, INC.",Industrials,2026-02-04,430.65,-0.0457,-0.1095,-0.1095,-0.2417
BA,THE BOEING COMPANY,Industrials,2026-02-04,235.95,0.012,0.0095,0.0095,0.0867
BLDR,"BUILDERS FIRSTSOURCE, INC.",Industrials,2026-02-04,123.8,0.0442,0.0822,0.0822,0.2032
BR,"BROADRIDGE FINANCIAL SOLUTIONS, INC.",Industrials,2026-02-04,190.12,0.0224,-0.0355,-0.0355,-0.1481
CARR,CARRIER GLOBAL ,Industrials,2026-02-04,63.55,0.0384,0.0666,0.0666,0.2027
CAT,CATERPILLAR INC.,Industrials,2026-02-04,691.82,-0.0157,0.0524,0.0524,0.2076
CHRW,"C.H. ROBINSON WORLDWIDE, INC.",Industrials,2026-02-04,198.74,-0.0049,0.0194,0.0194,0.2363
CMI,CUMMINS INC.,Industrials,2026-02-04,605.63,0.0049,0.0463,0.0463,0.1865
CPRT,"COPART, INC.",Industrials,2026-02-04,40.16,0.0313,-0.0103,-0.0103,0.0258
CSX,CSX ,Industrials,2026-02-04,39.85,0.0179,0.0553,0.0553,0.0993
CTAS,CINTAS ,Industrials,2026-02-04,192.61,0.0099,0.0064,0.0064,0.0241
DAL,"DELTA AIR LINES, INC.",Industrials,2026-02-04,70.86,0.006,0.0754,0.0754,0.021
DAY,"DAYFORCE, INC.",Industrials,2026-02-04,69.86,0.0,0.0085,0.0085,0.0101
DE,DEERE & COMPANY,Industrials,2026-02-04,567.26,0.0408,0.0744,0.0744,0.2184
DOV,DOVER ,Industrials,2026-02-04,220.02,0.0395,0.092,0.092,0.1269
EFX,EQUIFAX INC.,Industrials,2026-02-04,181.04,0.0342,-0.1011,-0.1011,-0.1656
EME,"EMCOR GROUP, INC.",Industrials,2026-02-04,708.62,-0.0482,-0.0168,-0.0168,0.1583
EMR,EMERSON ELECTRIC CO.,Industrials,2026-02-04,157.32,0.0343,0.0705,0.0705,0.1854
ETN,EATON  PUBLIC LIMITED COMPANY,Industrials,2026-02-04,365.0,0.0068,0.0386,0.0386,0.146
EXPD,EXPEDITORS INTERNATIONAL OF WASHINGTON,Industrials,2026-02-04,164.92,0.0166,0.0273,0.0273,0.1068
FAST,FASTENAL COMPANY,Industrials,2026-02-04,48.28,0.0419,0.1135,0.1135,0.2031
FDX,FEDEX ,Industrials,2026-02-04,362.54,0.0258,0.125,0.125,0.2551
FIX,"COMFORT SYSTEMS USA, INC.",Industrials,2026-02-04,1119.81,-0.0745,-0.0195,-0.0195,0.1999
FTV,FORTIVE ,Industrials,2026-02-04,60.13,0.1063,0.1386,0.1386,0.0891
GD,GENERAL DYNAMICS ,Industrials,2026-02-04,353.37,-0.0055,0.0065,0.0065,0.0496
GE,GENERAL ELECTRIC COMPANY,Industrials,2026-02-04,308.34,-0.0051,0.0051,0.0051,0.001
GEV,GE VERNOVA INC.,Industrials,2026-02-04,746.22,-0.0436,0.0273,0.0273,0.1418
GNRC,GENERAC HOLDINGS INC.,Industrials,2026-02-04,177.18,0.0225,0.0544,0.0544,0.2993
GWW,"W.W. GRAINGER, INC.",Industrials,2026-02-04,1194.93,0.0346,0.1065,0.1065,0.1842
HII,"HUNTINGTON INGALLS INDUSTRIES, INC.",Industrials,2026-02-04,413.14,-0.0384,-0.0175,-0.0175,0.2149
HON,HONEYWELL INTERNATIONAL INC.,Industrials,2026-02-04,235.35,0.0192,0.0344,0.0344,0.2064
HUBB,HUBBELL INC.,Industrials,2026-02-04,487.16,-0.0331,-0.0016,-0.0016,0.0969
HWM,HOWMET AEROSPACE INC.,Industrials,2026-02-04,208.61,-0.0229,0.0025,0.0025,0.0175
IEX,IDEX ,Industrials,2026-02-04,212.25,0.0528,0.069,0.069,0.1928
IR,INGERSOLL RAND INC.,Industrials,2026-02-04,97.41,0.0394,0.1315,0.1315,0.2296
ITW,ILLINOIS TOOL WORKS INC.,Industrials,2026-02-04,288.8,0.0355,0.1054,0.1054,0.1726
J,JACOBS SOLUTIONS INC.,Industrials,2026-02-04,143.33,0.0784,0.0597,0.0597,0.0821
JBHT,"J. B. HUNT TRANSPORT SERVICES, INC.",Industrials,2026-02-04,228.22,0.0345,0.1258,0.1258,0.1743
JCI,JOHNSON CONTROLS INTERNATIONAL PLC,Industrials,2026-02-04,129.49,0.0442,0.0858,0.0858,0.0813
LDOS,"LEIDOS HOLDINGS, INC.",Industrials,2026-02-04,188.44,-0.0071,0.0008,0.0008,0.0446
LHX,"L3HARRIS TECHNOLOGIES, INC.",Industrials,2026-02-04,339.07,-0.0356,-0.011,-0.011,0.155
LII,LENNOX INTERNATIONAL INC.,Industrials,2026-02-04,534.53,0.0512,0.0797,0.0797,0.1008
LMT,LOCKHEED MARTIN ,Industrials,2026-02-04,602.76,-0.0406,-0.0496,-0.0496,0.2462
LUV,SOUTHWEST AIRLINES CO.,Industrials,2026-02-04,52.59,0.0273,0.1067,0.1067,0.2724
MAS,MASCO ,Industrials,2026-02-04,71.41,0.0494,0.0805,0.0805,0.1253
MMM,3M COMPANY,Industrials,2026-02-04,163.79,0.0521,0.0694,0.0694,0.023
NDSN,NORDSON ,Industrials,2026-02-04,285.95,0.028,0.0416,0.0416,0.1893
NOC,NORTHROP GRUMMAN ,Industrials,2026-02-04,689.75,-0.0216,-0.0036,-0.0036,0.2096
NSC,NORFOLK SOUTHERN ,Industrials,2026-02-04,306.84,0.0286,0.0536,0.0536,0.0628
ODFL,"OLD DOMINION FREIGHT LINE, INC.",Industrials,2026-02-04,208.54,0.0989,0.204,0.204,0.33
OTIS,OTIS WORLDWIDE ,Industrials,2026-02-04,90.37,0.0368,0.0579,0.0579,0.0346
PAYC,"PAYCOM SOFTWARE, INC.",Industrials,2026-02-04,129.84,0.0443,-0.0364,-0.0364,-0.1852
PAYX,"PAYCHEX, INC.",Industrials,2026-02-04,98.48,0.0137,-0.0451,-0.0451,-0.1221
PCAR,PACCAR INC,Industrials,2026-02-04,128.78,0.0069,0.0478,0.0478,0.176
PH,PARKER-HANNIFIN ,Industrials,2026-02-04,967.99,0.0038,0.0344,0.0344,0.1013
PNR,PENTAIR PUBLIC LIMITED COMPANY,Industrials,2026-02-04,97.28,0.0263,-0.0768,-0.0768,-0.0659
PWR,"QUANTA SERVICES, INC.",Industrials,2026-02-04,464.57,-0.0492,-0.0212,-0.0212,0.1007
ROK,"ROCKWELL AUTOMATION, INC.",Industrials,2026-02-04,429.84,-0.0011,0.0194,0.0194,0.1048
ROL,"ROLLINS, INC.",Industrials,2026-02-04,63.51,0.0084,0.0027,0.0027,0.0581
RSG,"REPUBLIC SERVICES, INC.",Industrials,2026-02-04,218.2,0.0199,0.0145,0.0145,0.0296
RTX,RTX ,Industrials,2026-02-04,196.74,-0.0332,-0.0209,-0.0209,0.0727
SNA,SNAP-ON INC.,Industrials,2026-02-04,382.91,0.0119,0.0459,0.0459,0.1112
SWK,"STANLEY BLACK & DECKER, INC.",Industrials,2026-02-04,84.63,0.0453,0.0759,0.0759,0.1393
TDG,TRANSDIGM GROUP INC.,Industrials,2026-02-04,1264.79,-0.0285,-0.114,-0.114,-0.0489
TT,TRANE TECHNOLOGIES PLC,Industrials,2026-02-04,441.2,0.0134,0.049,0.049,0.1336
TXT,TEXTRON INC.,Industrials,2026-02-04,90.73,0.0237,0.0303,0.0303,0.0408
UAL,"UNITED AIRLINES HOLDINGS, INC.",Industrials,2026-02-04,109.48,-0.0124,0.07,0.07,-0.0209
UBER,"UBER TECHNOLOGIES, INC.",Industrials,2026-02-04,73.92,-0.0515,-0.0766,-0.0766,-0.0953
UNP,UNION PACIFIC ,Industrials,2026-02-04,249.76,0.0342,0.0624,0.0624,0.0797
UPS,"UNITED PARCEL SERVICE, INC.",Industrials,2026-02-04,116.74,0.0437,0.099,0.099,0.1769
URI,"UNITED RENTALS, INC.",Industrials,2026-02-04,848.13,0.0699,0.0845,0.0845,0.048
VLTO,VERALTO ,Industrials,2026-02-04,91.41,-0.062,-0.0765,-0.0765,-0.0839
VRSK,"VERISK ANALYTICS, INC.",Industrials,2026-02-04,189.51,-0.0155,-0.1285,-0.1285,-0.1528
WAB,WESTINGHOUSE AIR BRAKE TECHNOLOGIES ,Industrials,2026-02-04,240.79,0.0191,0.0463,0.0463,0.1281
WM,"WASTE MANAGEMENT, INC.",Industrials,2026-02-04,226.43,0.006,0.0189,0.0189,0.0306
XYL,XYLEM INC.,Industrials,2026-02-04,139.74,0.0084,0.0136,0.0136,0.0261
AAPL,APPLE INC.,Information Technology,2026-02-04,276.49,0.026,0.0656,0.0656,0.017
ACN,ACCENTURE PUBLIC LIMITED COMPANY,Information Technology,2026-02-04,241.65,0.0018,-0.0834,-0.0834,-0.0993
ADBE,ADOBE INC.,Information Technology,2026-02-04,279.71,0.0286,-0.0462,-0.0462,-0.2008
ADI,"ANALOG DEVICES, INC.",Information Technology,2026-02-04,320.44,0.0294,0.0308,0.0308,0.1816
ADSK,"AUTODESK, INC.",Information Technology,2026-02-04,243.41,0.0109,-0.0374,-0.0374,-0.1777
AKAM,"AKAMAI TECHNOLOGIES, INC.",Information Technology,2026-02-04,91.92,0.0014,-0.0538,-0.0538,0.0535
AMAT,"APPLIED MATERIALS, INC.",Information Technology,2026-02-04,297.6,-0.0661,-0.0767,-0.0767,0.158
AMD,"ADVANCED MICRO DEVICES, INC.",Information Technology,2026-02-04,200.19,-0.1731,-0.1544,-0.1544,-0.0652
ANET,"ARISTA NETWORKS, INC.",Information Technology,2026-02-04,130.28,-0.0654,-0.0809,-0.0809,-0.0057
APH,AMPHENOL ,Information Technology,2026-02-04,130.0,-0.116,-0.0977,-0.0977,-0.038
APP,APPLOVIN CORP,Information Technology,2026-02-04,387.34,-0.1612,-0.1813,-0.1813,-0.4252
AVGO,BROADCOM INC.,Information Technology,2026-02-04,308.05,-0.0383,-0.0702,-0.0702,-0.1099
CDNS,"CADENCE DESIGN SYSTEMS, INC.",Information Technology,2026-02-04,271.42,0.0109,-0.0842,-0.0842,-0.1317
CDW,CDW ,Information Technology,2026-02-04,138.08,0.0945,0.0925,0.0925,0.0138
CRM,"SALESFORCE, INC.",Information Technology,2026-02-04,199.44,0.0156,-0.0605,-0.0605,-0.2471
CRWD,"CROWDSTRIKE HOLDINGS, INC.",Information Technology,2026-02-04,415.36,-0.0151,-0.059,-0.059,-0.1139
CSCO,"CISCO SYSTEMS, INC.",Information Technology,2026-02-04,81.16,-0.0235,0.0363,0.0363,0.0536
CTSH,COGNIZANT TECHNOLOGY SOLUTIONS ,Information Technology,2026-02-04,76.71,0.0297,-0.0652,-0.0652,-0.0758
DDOG,"DATADOG, INC.",Information Technology,2026-02-04,115.71,-0.033,-0.1052,-0.1052,-0.1491
DELL,DELL TECHNOLOGIES INC.,Information Technology,2026-02-04,122.04,0.0417,0.0664,0.0664,-0.0305
EPAM,"EPAM SYSTEMS, INC.",Information Technology,2026-02-04,184.78,0.0079,-0.1142,-0.1142,-0.0981
FFIV,"F5, INC.",Information Technology,2026-02-04,276.49,0.0068,0.0032,0.0032,0.0832
FICO,FAIR ISAAC ,Information Technology,2026-02-04,1386.88,0.0443,-0.0521,-0.0521,-0.1797
FSLR,"FIRST SOLAR, INC.",Information Technology,2026-02-04,238.06,-0.0041,0.0556,0.0556,-0.0887
FTNT,"FORTINET, INC.",Information Technology,2026-02-04,81.12,0.023,-0.0017,-0.0017,0.0215
GDDY,GODADDY INC.,Information Technology,2026-02-04,95.71,0.018,-0.0479,-0.0479,-0.2286
GEN,GEN DIGITAL INC.,Information Technology,2026-02-04,22.93,0.0214,-0.0442,-0.0442,-0.1567
GLW,CORNING INC.,Information Technology,2026-02-04,109.69,-0.0275,0.0624,0.0624,0.2527
HPE,HEWLETT PACKARD ENTERPRISE COMPANY,Information Technology,2026-02-04,23.24,0.067,0.0799,0.0799,-0.0325
HPQ,HP INC.,Information Technology,2026-02-04,19.82,0.0432,0.0195,0.0195,-0.1104
IBM,INTERNATIONAL BUSINESS MACHINES ,Information Technology,2026-02-04,289.05,-0.0179,-0.0575,-0.0575,-0.0242
INTC,INTEL ,Information Technology,2026-02-04,48.6,-0.0132,0.0458,0.0458,0.3171
INTU,INTUIT INC.,Information Technology,2026-02-04,445.64,0.0266,-0.1068,-0.1068,-0.3273
IT,"GARTNER, INC.",Information Technology,2026-02-04,157.83,-0.0145,-0.247,-0.247,-0.3744
JBL,JABIL INC.,Information Technology,2026-02-04,236.06,-0.039,-0.0048,-0.0048,0.0353
KEYS,"KEYSIGHT TECHNOLOGIES, INC.",Information Technology,2026-02-04,221.6,-0.0245,0.0244,0.0244,0.0906
KLAC,KLA ,Information Technology,2026-02-04,1307.22,-0.0356,-0.0845,-0.0845,0.0758
LRCX,LAM RESEARCH ,Information Technology,2026-02-04,209.78,-0.0883,-0.1014,-0.1014,0.2255
MCHP,MICROCHIP TECHNOLOGY INC.,Information Technology,2026-02-04,78.23,0.0205,0.0304,0.0304,0.2277
MPWR,"MONOLITHIC POWER SYSTEMS, INC.",Information Technology,2026-02-04,1136.83,-0.024,0.0113,0.0113,0.2543
MSFT,MICROSOFT ,Information Technology,2026-02-04,414.19,0.0072,-0.0374,-0.0374,-0.1436
MSI,"MOTOROLA SOLUTIONS, INC.",Information Technology,2026-02-04,416.3,0.0167,0.0342,0.0342,0.086
MU,"MICRON TECHNOLOGY, INC.",Information Technology,2026-02-04,379.4,-0.0955,-0.0855,-0.0855,0.3293
NOW,"SERVICENOW, INC.",Information Technology,2026-02-04,111.07,0.0118,-0.0508,-0.0508,-0.275
NTAP,"NETAPP, INC.",Information Technology,2026-02-04,100.53,0.0528,0.0434,0.0434,-0.0613
NVDA,NVIDIA ,Information Technology,2026-02-04,174.19,-0.0341,-0.0886,-0.0886,-0.066
NXPI,NXP SEMICONDUCTORS NV,Information Technology,2026-02-04,226.86,0.0281,0.0032,0.0032,0.0451
ON,ON SEMICONDUCTOR ,Information Technology,2026-02-04,62.06,0.0443,0.0362,0.0362,0.1461
ORCL,ORACLE ,Information Technology,2026-02-04,146.67,-0.0517,-0.1088,-0.1088,-0.2475
PANW,"PALO ALTO NETWORKS, INC.",Information Technology,2026-02-04,166.72,0.0029,-0.0579,-0.0579,-0.0949
PLTR,PALANTIR TECHNOLOGIES INC.,Information Technology,2026-02-04,139.54,-0.1162,-0.0481,-0.0481,-0.215
PTC,PTC INC.,Information Technology,2026-02-04,151.34,0.014,-0.0307,-0.0307,-0.1313
Q,"QNITY ELECTRONICS, INC.",Information Technology,2026-02-04,95.51,-0.0438,-0.007,-0.007,0.1697
QCOM,QUALCOMM INC.,Information Technology,2026-02-04,148.89,0.0116,-0.0178,-0.0178,-0.1296
ROP,"ROPER TECHNOLOGIES, INC.",Information Technology,2026-02-04,359.71,0.0312,-0.031,-0.031,-0.1919
SMCI,"SUPER MICRO COMPUTER, INC.",Information Technology,2026-02-04,33.76,0.1379,0.1597,0.1597,0.1534
SNDK,SANDISK CORPORATION,Information Technology,2026-02-04,584.55,-0.1595,0.0144,0.0144,1.4625
SNPS,"SYNOPSYS, INC.",Information Technology,2026-02-04,418.98,-0.0004,-0.0992,-0.0992,-0.108
STX,SEAGATE TECHNOLOGY HOLDINGS,Information Technology,2026-02-04,418.63,-0.0581,0.0268,0.0268,0.5201
SWKS,"SKYWORKS SOLUTIONS, INC.",Information Technology,2026-02-04,59.0,0.0549,0.0581,0.0581,-0.0695
TDY,TELEDYNE TECHNOLOGIES INC.,Information Technology,2026-02-04,629.73,-0.0167,0.0152,0.0152,0.233
TEL,TE CONNECTIVITY LTD,Information Technology,2026-02-04,215.79,-0.0467,-0.0314,-0.0314,-0.0515
TER,"TERADYNE, INC.",Information Technology,2026-02-04,269.07,-0.0492,0.1162,0.1162,0.3901
TRMB,TRIMBLE INC.,Information Technology,2026-02-04,65.04,0.0065,-0.0379,-0.0379,-0.1699
TXN,TEXAS INSTRUMENTS INC.,Information Technology,2026-02-04,222.92,-0.0102,0.0342,0.0342,0.2849
TYL,"TYLER TECHNOLOGIES, INC.",Information Technology,2026-02-04,343.24,0.0337,-0.0708,-0.0708,-0.2439
VRSN,"VERISIGN, INC.",Information Technology,2026-02-04,240.97,-0.0107,-0.0133,-0.0133,-0.0081
WDAY,"WORKDAY, INC.",Information Technology,2026-02-04,170.15,0.0557,-0.0312,-0.0312,-0.2078
WDC,WESTERN DIGITAL ,Information Technology,2026-02-04,269.41,-0.0718,0.0766,0.0766,0.5639
ZBRA,ZEBRA TECHNOLOGIES ,Information Technology,2026-02-04,245.25,0.0519,0.0437,0.0437,0.01
ASC,ARDMORE SHIPPING ,MR Discretion,2026-02-04,12.62,-0.0164,-0.0232,-0.0232,0.1917
BTI,BRITISH AMERICAN TOBACCO P.L.C.,MR Discretion,2026-02-04,61.63,-0.0039,0.0157,0.0157,0.0885
BTU,PEABODY ENERGY ,MR Discretion,2026-02-04,35.01,-0.0062,-0.0071,-0.0071,0.1788
CALM,"CAL-MAINE FOODS, INC.",MR Discretion,2026-02-04,86.67,0.0171,0.0376,0.0376,0.0892
CCJ,CAMECO ,MR Discretion,2026-02-04,114.82,-0.0898,-0.0695,-0.0695,0.255
CMBT,CMB.TECH NV,MR Discretion,2026-02-04,12.23,-0.0415,-0.0621,-0.0621,0.2674
CMRE,COSTAMARE INC.,MR Discretion,2026-02-04,16.01,-0.0654,-0.0459,-0.0459,0.0139
CNR,"CORE NATURAL RESOURCES, INC.",MR Discretion,2026-02-04,90.42,-0.0037,-0.052,-0.052,0.0216
CRESY,CRESUD INC.,MR Discretion,2026-02-04,12.91,-0.0138,-0.0444,-0.0444,0.0222
DHT,"DHT HOLDINGS, INC.",MR Discretion,2026-02-04,13.94,-0.0259,-0.0272,-0.0272,0.1417
EC,ECOPETROL SA,MR Discretion,2026-02-04,12.29,-0.0089,-0.0223,-0.0223,0.2265
FRO,FRONTLINE PLC,MR Discretion,2026-02-04,28.2,-0.0222,-0.0133,-0.0133,0.2924
FTI,TECHNIPFMC PLC,MR Discretion,2026-02-04,56.54,-0.014,0.0147,0.0147,0.2689
GEOS,GEOSPACE TECHNOLOGIES ,MR Discretion,2026-02-04,16.0,-0.1131,0.0349,0.0349,-0.0538
GGB,GERDAU SA,MR Discretion,2026-02-04,4.28,-0.0295,0.0023,0.0023,0.1599
GLATF,GLOBAL ATOMIC ,MR Discretion,2026-02-04,0.53,-0.0364,-0.0862,-0.0862,-0.0185
GNK,GENCO SHIPPING & TRADING LIMITED,MR Discretion,2026-02-04,20.21,-0.0587,-0.033,-0.033,0.0966
HLX,"HELIX ENERGY SOLUTIONS GROUP, INC.",MR Discretion,2026-02-04,8.31,-0.0072,0.0466,0.0466,0.3254
ICL,ICL GROUP LTD,MR Discretion,2026-02-04,5.54,0.0018,0.0355,0.0355,-0.0298
MP,MP MATERIALS CORP,MR Discretion,2026-02-04,60.55,-0.0628,0.0303,0.0303,0.1985
NOV,NOV INC.,MR Discretion,2026-02-04,19.38,0.0325,0.0561,0.0561,0.2399
PAM,PAMPA ENERGIA SA,MR Discretion,2026-02-04,83.52,-0.0055,-0.036,-0.036,-0.0564
PBR,BRAZILIAN PETROLEUM  - PETROBRAS,MR Discretion,2026-02-04,15.14,-0.0092,-0.013,-0.013,0.2776
RIG,TRANSOCEAN LTD,MR Discretion,2026-02-04,5.34,0.0723,0.0744,0.0744,0.293
ROKU,"ROKU, INC.",MR Discretion,2026-02-04,92.13,-0.0186,-0.0322,-0.0322,-0.1508
SBLK,STAR BULK CARRIERS CORP.,MR Discretion,2026-02-04,22.3,-0.0128,-0.0283,-0.0283,0.1602
SD,"SANDRIDGE ENERGY, INC.",MR Discretion,2026-02-04,16.39,0.0218,0.0341,0.0341,0.1358
SM,SM ENERGY COMPANY,MR Discretion,2026-02-04,20.04,0.0531,0.0293,0.0293,0.0717
STLA,STELLANTIS NV,MR Discretion,2026-02-04,10.23,0.0313,0.0365,0.0365,-0.0606
STNG,SCORPIO TANKERS INC.,MR Discretion,2026-02-04,64.5,-0.0072,0.0138,0.0138,0.2689
TDW,TIDEWATER INC.,MR Discretion,2026-02-04,67.49,0.0327,0.08,0.08,0.3362
TECK,TECK RESOURCES LIMITED,MR Discretion,2026-02-04,55.9,-0.0564,0.0398,0.0398,0.1673
TS,TENARIS SA,MR Discretion,2026-02-04,46.4,0.0022,0.0474,0.0474,0.2068
URNM,SPROTT URANIUM MINERS,MR Discretion,2026-02-04,70.06,-0.0836,-0.0578,-0.0578,0.2764
VAL,VALARIS LIMITED,MR Discretion,2026-02-04,62.11,0.0583,0.0759,0.0759,0.2323
XES,SPDR S&P OIL&GAS E&S,MR Discretion,2026-02-04,102.0,0.008,0.0304,0.0304,0.2444
XOP,SPDR S&P OIL&GAS EXP,MR Discretion,2026-02-04,143.81,0.0288,0.0255,0.0255,0.139
ALB,ALBEMARLE ,Materials,2026-02-04,168.66,-0.0116,-0.0115,-0.0115,0.1924
AMCR,AMCOR PLC,Materials,2026-02-04,48.56,0.081,0.0974,0.0974,0.1645
APD,"AIR PRODUCTS AND CHEMICALS, INC.",Materials,2026-02-04,286.59,0.031,0.0517,0.0517,0.1602
AVY,AVERY DENNISON ,Materials,2026-02-04,193.13,0.0338,0.0411,0.0411,0.0619
BALL,BALL ,Materials,2026-02-04,64.81,0.0492,0.1396,0.1396,0.2235
CF,"CF INDUSTRIES HOLDINGS, INC.",Materials,2026-02-04,94.7,0.0238,0.0158,0.0158,0.2245
CRH,CRH PUBLIC LIMITED COMPANY,Materials,2026-02-04,122.96,0.0078,0.0045,0.0045,-0.0147
CTVA,"CORTEVA, INC.",Materials,2026-02-04,75.12,0.0011,0.0319,0.0319,0.1207
DD,"DUPONT DE NEMOURS, INC.",Materials,2026-02-04,47.83,0.0559,0.089,0.089,0.1898
DOW,DOW INC.,Materials,2026-02-04,32.4,0.0626,0.176,0.176,0.3858
ECL,ECOLAB INC.,Materials,2026-02-04,288.16,0.0203,0.0219,0.0219,0.0977
FCX,FREEPORT-MCMORAN INC.,Materials,2026-02-04,61.86,-0.0435,0.0271,0.0271,0.218
IFF,INTERNATIONAL FLAVORS & FRAGRANCES INC.,Materials,2026-02-04,74.29,0.0556,0.0642,0.0642,0.1024
IP,INTERNATIONAL PAPER COMPANY,Materials,2026-02-04,44.69,0.0625,0.1084,0.1084,0.1346
LIN,LINDE PUBLIC LIMITED COMPANY,Materials,2026-02-04,473.33,0.0211,0.0358,0.0358,0.1101
LYB,LYONDELLBASELL INDUSTRIES NV,Materials,2026-02-04,57.1,0.0683,0.1653,0.1653,0.3187
MLM,"MARTIN MARIETTA MATERIALS, INC.",Materials,2026-02-04,671.17,0.0123,0.0295,0.0295,0.0779
MOS,THE MOSAIC COMPANY,Materials,2026-02-04,28.82,0.018,0.048,0.048,0.1963
NEM,NEWMONT ,Materials,2026-02-04,116.85,-0.0025,0.0401,0.0401,0.1703
NUE,NUCOR ,Materials,2026-02-04,189.95,0.0185,0.0688,0.0688,0.1646
PKG,PACKAGING  OF AMERICA,Materials,2026-02-04,232.45,0.0358,0.0445,0.0445,0.1271
PPG,"PPG INDUSTRIES, INC.",Materials,2026-02-04,125.95,0.0538,0.0893,0.0893,0.2293
SHW,THE SHERWIN-WILLIAMS COMPANY,Materials,2026-02-04,368.91,0.0258,0.0402,0.0402,0.1385
STLD,"STEEL DYNAMICS, INC.",Materials,2026-02-04,198.88,0.0307,0.1075,0.1075,0.1737
SW,SMURFIT WESTROCK PUBLIC LIMITED COMPANY,Materials,2026-02-04,44.39,0.0853,0.0663,0.0663,0.1479
VMC,VULCAN MATERIALS COMPANY,Materials,2026-02-04,311.49,0.0015,0.0364,0.0364,0.0921
AMT,AMERICAN TOWER ,Real Estate,2026-02-04,176.55,0.0198,-0.0152,-0.0152,0.0056
ARE,"ALEXANDRIA REAL ESTATE EQUITIES, INC.",Real Estate,2026-02-04,55.31,0.0277,0.0123,0.0123,0.1302
AVB,"AVALONBAY COMMUNITIES, INC.",Real Estate,2026-02-04,177.81,0.0202,0.0008,0.0008,-0.0193
BXP,"BOSTON PROPERTIES, INC.",Real Estate,2026-02-04,63.73,0.0155,-0.0145,-0.0145,-0.0556
CBRE,"CBRE GROUP, INC.",Real Estate,2026-02-04,165.89,0.0155,-0.0261,-0.0261,0.0317
CCI,CROWN CASTLE INC.,Real Estate,2026-02-04,86.11,0.0201,-0.0081,-0.0081,-0.0311
CPT,CAMDEN PROPERTY TRUST,Real Estate,2026-02-04,108.71,0.0167,-0.0031,-0.0031,-0.0124
CSGP,"COSTAR GROUP, INC.",Real Estate,2026-02-04,52.34,0.0118,-0.1489,-0.1489,-0.2216
DLR,"DIGITAL REALTY TRUST, INC.",Real Estate,2026-02-04,166.79,0.0142,0.0051,0.0051,0.0781
DOC,"HEALTHDOC PROPERTIES, INC.",Real Estate,2026-02-04,16.78,0.0201,-0.0267,-0.0267,0.0435
EQIX,"EQUINIX, INC.",Real Estate,2026-02-04,802.13,0.0004,-0.0229,-0.0229,0.0469
EQR,EQUITY RESIDENTIAL,Real Estate,2026-02-04,63.08,0.0209,0.0122,0.0122,0.0006
ESS,"ESSEX PROPERTY TRUST, INC.",Real Estate,2026-02-04,252.57,0.0201,0.0028,0.0028,-0.0348
EXR,EXTRA SPACE STORAGE INC.,Real Estate,2026-02-04,141.71,0.026,0.0271,0.0271,0.0882
FRT,FEDERAL REALTY INVESTMENT TRUST,Real Estate,2026-02-04,103.6,0.0323,0.0241,0.0241,0.0278
HST,"HOST HOTELS & RESORTS, INC.",Real Estate,2026-02-04,19.31,0.0233,0.0421,0.0421,0.0891
INVH,INVITATION HOMES INC.,Real Estate,2026-02-04,26.47,0.0111,-0.0097,-0.0097,-0.0475
IRM,IRON MOUNTAIN INC.,Real Estate,2026-02-04,90.07,0.0165,-0.0224,-0.0224,0.0858
KIM,KIMCO REALTY .,Real Estate,2026-02-04,21.51,0.0292,0.0204,0.0204,0.0612
MAA,"MID-AMERICA APARTMENT COMMUNITIES, INC.",Real Estate,2026-02-04,135.05,0.0216,0.0056,0.0056,-0.0278
O,REALTY INCOME ,Real Estate,2026-02-04,62.46,0.0163,0.0213,0.0213,0.108
PLD,"PROLOGIS, INC.",Real Estate,2026-02-04,134.84,0.0224,0.0328,0.0328,0.0562
PSA,PUBLIC STORAGE.,Real Estate,2026-02-04,288.5,0.0321,0.0446,0.0446,0.1118
REG,REGENCY CENTERS ,Real Estate,2026-02-04,74.25,0.0243,0.0189,0.0189,0.0756
SBAC,SBA COMMUNICATIONS ,Real Estate,2026-02-04,184.87,0.0291,0.0041,0.0041,-0.0443
SPG,"SIMON PROPERTY GROUP, INC.",Real Estate,2026-02-04,195.59,0.0326,0.0224,0.0224,0.0566
UDR,"UDR, INC.",Real Estate,2026-02-04,37.61,0.0268,0.0124,0.0124,0.0254
VICI,VICI PROPERTIES INC.,Real Estate,2026-02-04,28.85,0.0285,0.0274,0.0274,0.026
VTR,"VENTAS, INC.",Real Estate,2026-02-04,77.73,0.0005,0.0008,0.0008,0.0045
WELL,WELLTOWER INC.,Real Estate,2026-02-04,185.48,-0.0108,-0.0153,-0.0153,-0.0007
WY,WEYERHAEUSER COMPANY,Real Estate,2026-02-04,26.7,0.0008,0.0357,0.0357,0.1271
DIA,SPDR DOW JONES INDUS AVG,Sector & Style ETFs,2026-02-04,494.75,0.005,0.0117,0.0117,0.0295
IWD,ISHARES:RUSS 1000 VL ETF,Sector & Style ETFs,2026-02-04,222.63,0.0032,0.0126,0.0126,0.0584
IWF,ISHARES:RUSS 1000 GR ETF,Sector & Style ETFs,2026-02-04,453.94,-0.0114,-0.0258,-0.0258,-0.0409
IWM,ISHARES:RUSS 2000 ETF,Sector & Style ETFs,2026-02-04,260.52,-0.0086,0.0034,0.0034,0.0583
MDY,SPDR S&P MIDCAP 400 ETF,Sector & Style ETFs,2026-02-04,638.32,0.007,0.0171,0.0171,0.0581
MTUM,ISHARES:MSCI USA MOM FCT,Sector & Style ETFs,2026-02-04,247.05,-0.0367,-0.0345,-0.0345,-0.013
OEF,ISHARES:S&P 100,Sector & Style ETFs,2026-02-04,340.28,-0.0048,-0.0095,-0.0095,-0.0078
POWA,INVESCO BLOOMBERG PRICING POWER,Sector & Style ETFs,2026-02-04,92.08,0.0048,0.0024,0.0024,0.0238
QQQ,INVESCO QQQ TRUST 1,Sector & Style ETFs,2026-02-04,605.75,-0.0175,-0.0259,-0.0259,-0.0139
QUAL,ISHARES:MSCI USA QF,Sector & Style ETFs,2026-02-04,201.62,0.0012,-0.004,-0.004,0.0151
RSP,INVESCO S&P500 EWGHT,Sector & Style ETFs,2026-02-04,200.3,0.0087,0.0112,0.0112,0.0456
SDY,SPDR S&P DIVIDEND,Sector & Style ETFs,2026-02-04,152.65,0.0146,0.0264,0.0264,0.0969
SMH,VANECK:SEMICONDUCTOR,Sector & Style ETFs,2026-02-04,382.02,-0.0394,-0.0531,-0.0531,0.0608
SPHB,INVESCO S&P500 HI BE,Sector & Style ETFs,2026-02-04,120.31,-0.0096,-0.0069,-0.0069,0.0286
SPLV,INVESCO S&P500 LOWVL,Sector & Style ETFs,2026-02-04,74.55,0.0074,0.0122,0.0122,0.0438
SPY,SPDR S&P 500 ETF,Sector & Style ETFs,2026-02-04,686.19,-0.0048,-0.0084,-0.0084,0.0063
XLB,SEL SECTOR:MATRLS SPDR,Sector & Style ETFs,2026-02-04,51.89,0.0235,0.0532,0.0532,0.1442
XLC,SEL SECTOR:COMM SVC SPDR,Sector & Style ETFs,2026-02-04,116.8,-0.008,-0.0273,-0.0273,-0.0078
XLE,SEL SECTOR:ENERGY SPDR,Sector & Style ETFs,2026-02-04,52.83,0.0225,0.0349,0.0349,0.1816
XLF,SEL SECTOR:FINL S SPDR,Sector & Style ETFs,2026-02-04,53.96,0.008,0.0097,0.0097,-0.0148
XLI,SEL SECTOR:INDUST SPDR,Sector & Style ETFs,2026-02-04,169.39,0.0027,0.0239,0.0239,0.092
XLK,SEL SECTOR:TECH SPDR,Sector & Style ETFs,2026-02-04,138.12,-0.0279,-0.04,-0.04,-0.0406
XLP,SEL SECTOR:C STP SPDR,Sector & Style ETFs,2026-02-04,86.99,0.013,0.0417,0.0417,0.1199
XLRE,SEL SECTOR:RL EST SPDR,Sector & Style ETFs,2026-02-04,41.46,0.0159,0.0007,0.0007,0.0275
XLU,SEL SECTOR:UTIL SPDR,Sector & Style ETFs,2026-02-04,43.08,-0.0037,-0.0039,-0.0039,0.0091
XLV,SEL SECTOR:H CARE SPDR,Sector & Style ETFs,2026-02-04,156.03,0.0125,0.0083,0.0083,0.0079
XLY,SEL SECTOR:C DSC SPDR,Sector & Style ETFs,2026-02-04,120.1,-0.0074,-0.0088,-0.0088,0.0058
AEE,AMEREN ,Utilities,2026-02-04,104.75,0.0071,0.0142,0.0142,0.049
AEP,"AMERICAN ELECTRIC POWER COMPANY, INC.",Utilities,2026-02-04,119.98,-0.0057,0.0017,0.0017,0.0405
AES,THE AES ,Utilities,2026-02-04,15.75,-0.0211,0.0751,0.0751,0.0983
ATO,ATMOS ENERGY ,Utilities,2026-02-04,171.83,0.0179,0.033,0.033,0.0251
AWK,"AMERICAN WATER WORKS COMPANY, INC.",Utilities,2026-02-04,124.3,-0.0126,-0.0374,-0.0374,-0.0475
CEG,CONSTELLATION ENERGY,Utilities,2026-02-04,250.46,-0.067,-0.1077,-0.1077,-0.291
CMS,CMS ENERGY ,Utilities,2026-02-04,71.6,-0.0028,0.0015,0.0015,0.0239
CNP,"CENTERPOINT ENERGY, INC.",Utilities,2026-02-04,40.35,0.004,0.0166,0.0166,0.0524
D,"DOMINION ENERGY, INC.",Utilities,2026-02-04,62.33,0.0147,0.0359,0.0359,0.0638
DTE,DTE ENERGY COMPANY,Utilities,2026-02-04,135.7,0.0002,0.0098,0.0098,0.0521
DUK,DUKE ENERGY ,Utilities,2026-02-04,122.21,0.0044,0.0071,0.0071,0.0427
ED,"CONSOLIDATED EDISON, INC.",Utilities,2026-02-04,108.38,0.0087,0.0164,0.0164,0.0912
EIX,EDISON INTERNATIONAL,Utilities,2026-02-04,63.46,0.0322,0.0189,0.0189,0.0573
ES,EVERSOURCE ENERGY,Utilities,2026-02-04,68.24,-0.0044,-0.0129,-0.0129,0.0135
ETR,ENTERGY ,Utilities,2026-02-04,96.83,-0.0053,0.0098,0.0098,0.0476
EVRG,"EVERGY, INC.",Utilities,2026-02-04,77.23,-0.0073,0.0065,0.0065,0.0654
EXC,EXELON ,Utilities,2026-02-04,43.43,-0.0132,-0.0301,-0.0301,-0.0037
FE,FIRSTENERGY CORP.,Utilities,2026-02-04,46.4,-0.0104,-0.0199,-0.0199,0.0364
LNT,ALLIANT ENERGY ,Utilities,2026-02-04,66.75,0.0033,0.0127,0.0127,0.0268
NEE,"NEXTERA ENERGY, INC.",Utilities,2026-02-04,89.97,0.0129,0.0235,0.0235,0.1207
NI,NISOURCE INC.,Utilities,2026-02-04,44.03,0.0016,-0.0059,-0.0059,0.0544
NRG,"NRG ENERGY, INC.",Utilities,2026-02-04,143.99,-0.0538,-0.0566,-0.0566,-0.0958
PCG,PG&E ,Utilities,2026-02-04,16.23,0.058,0.0525,0.0525,0.01
PEG,PUBLIC SERVICE ENTERPRISE GROUP INC.,Utilities,2026-02-04,80.14,-0.0174,-0.027,-0.027,-0.002
PNW,PINNACLE WEST CAPITAL ,Utilities,2026-02-04,94.0,0.004,0.0047,0.0047,0.0598
PPL,PPL ,Utilities,2026-02-04,35.13,-0.0104,-0.0309,-0.0309,0.0031
SO,THE SOUTHERN COMPANY,Utilities,2026-02-04,90.29,0.0018,0.011,0.011,0.0354
SRE,SEMPRA,Utilities,2026-02-04,86.63,-0.0043,-0.0044,-0.0044,-0.0188
VST,VISTRA CORP.,Utilities,2026-02-04,142.52,-0.0685,-0.1,-0.1,-0.1166
WEC,"WEC ENERGY GROUP, INC.",Utilities,2026-02-04,113.33,0.0095,0.024,0.024,0.0746
XEL,XCEL ENERGY INC.,Utilities,2026-02-04,76.2,0.0033,0.0018,0.0018,0.0317
VIX,CBOE MKT VOLATILITY IDX,Volatility,2026-02-04,18.64,0.0356,0.0688,0.0688,0.2468
VXN,CBOE NASDAQ MKT VOL NDX,Volatility,2026-02-04,26.01,0.1092,0.2031,0.2031,0.3298
FVX,5 YR TSY YLD NDX,Yields,2026-02-04,3.83,-0.0026,0.0052,0.0052,0.029
TNX,10 Y TSY YLD NDX,Yields,2026-02-04,4.28,0.0023,0.0071,0.0071,0.0281
TYX,30 Y TSY YLD NDX,Yields,2026-02-04,4.92,0.002,0.0082,0.0082,0.0165
